date,time,funfact,fun,fact
2021-03-17,Sitdown,little rock may be hotter than houston,Not really :(,Not really :/
2021-03-18,Standup,the scotch snap: a natural rhythm in songs sung w romance languages (https://www.youtube.com/watch?v=i7cG9QIvIWo),Yes!,Yes!
2021-03-18,Sitdown,marissa is getting vaccinated saturday,Yes!,Yes!
NA,NA,A trumpet player in Detroit was displaced from Houston by construction on Allen Parkway,Not really :(,Yes!
NA,NA,Chuck Berry played at a jazz club in St. Louis every Wednesday. Brian was in St. Louis on a Wednesday but his parents didn’t let him see Chuck. Chuck died 3 weeks later,Not really :(,Yes!
NA,NA,Archie Bell wrote a hit song then got drafted to Vietnam and Archies’ brother toured as Archie,Yes!,Yes!
NA,NA,Possums have 13 nipples and 2 vaginas,Yes!,Yes!
NA,NA,A whale’s mammary glands weigh 300 pounds,Yes!,Yes!
NA,NA,People surf in cold water (https://www.nytimes.com/2021/03/01/travel/winter-lake-surfers-canada.html?referringSource=articleShare),Yes!,Yes!
NA,NA,New York's subway system is old but good (https://www.nytimes.com/2021/03/14/podcasts/the-daily/subway-new-york-city.html),Yes!,Yes!
2021-03-19,Standup,lana del ray has a new album,Not really :(,Yes!
2021-03-22,Standup,us army corps of engineers logo is a castle,Not really :(,Yes!
2021-03-22,Sitdown,jeff bought 3 bags of mulch on sale for $0.50 each,Not really :(,Yes!
2021-03-23,Standup,UMichigan won their March Madness game,Yes!,Yes!
2021-03-24,Standup,"if you buy a 3-wick candle from bath & body works and one of the wicks doesn't work, you can return it for a new candle",Not really :(,Yes!
2021-03-24,Standup,Jeff is going to order a seder in a box,Not really :(,Yes!
2021-03-24,Standup,Jeff met the founder of Sky Mall at the White House,Yes!,Yes!
2021-03-24,Standup,dplyr::filter() masks for sale (https://swag.rstudio.com/product/dplyr-mask/50),Yes!,Yes!
2021-03-24,Sitdown,the 7 dwarves were coal miners,Not really :(,Not really :/
2021-03-25,Standup,"there are over 300 pasta shapes, but over 1200 names for pasta shapes ",Yes!,Yes!
2021-03-25,Sitdown,all vodka tastes the same,Yes!,Not really :/
2021-03-26,Standup,passover might start today,Yes!,Not really :/
2021-03-26,Sitdown,Jeff hasn't had Carly's Mimi's kugel,Yes!,Yes!
2021-03-29,Standup,david volunteered at a vaccination site and many teenagers were excited to get vaccinated!,Yes!,Yes!
2021-03-29,Sitdown,skunk cabbages are blooming in Michigan,Yes!,Yes!
2021-03-30,Standup,some FIFA regulations made it more challenging for the already bad US Men's Soccer team to qualify for the Olympics,Not really :(,Not really :/
2021-03-30,Sitdown,a hot second is shorter than a second but a hot minute is longer than a minute,Yes!,Not really :/
2021-03-31,Standup,lady bears bball went 40-0 in 2012,Yes!,Yes!
2021-04-01,Standup,amsterdam came to fame in the 1300's bc a man was sick and ate a wafer. he vomited but the wafer remained intact. the townspeople threw the wafer into the fire but it didn't burn. they deduced the wafer was holy and amsterdam then became a pilgrimage destination,Yes!,Yes!
2021-04-01,Sitdown,"Carly wholeheartedly endorses the Trolls soundtrack. ""It's really good.""",Yes!,Yes!
2021-04-02,Standup,Lana Del Rey used witchcraft against Donald Trump in 2017.,Yes!,Yes!
2021-04-05,Sitdown,brian saw wolfgun from top gun riding a bicycle past a gasstation-turned-ebike-rental stroe,Yes!,Yes!
2021-04-06,Standup,"Emi's boyfriend is named David but is transitioning to ""Dave.""",Yes!,Yes!
2021-04-07,Standup,magnol bakery sells a huge piece of bread called miche,Yes!,Yes!
2021-04-07,Sitdown,"brian's brother just moved to Denver, a city where Brian's grandmother's brother opened a bike shop in 1934. The bike shop was run by 4 generations of the family before being absorbed into the neighboring coffeeshop",Yes!,Yes!
2021-04-08,Standup,the early aughts refers to the early 2000's,Not really :(,Yes!
2021-04-08,Sitdown,caddo lake is the only natural lake in texas,Yes!,Yes!
2021-04-09,Standup,"there were 155,000 fewer evictions in Texas 2020 than 2019",Yes!,Yes!
2021-04-12,Standup,crumbvin is the most traded album on discog,Not really :(,Yes!
2021-04-12,Sitdown,brian's garage band myspace still exists,Yes!,Yes!
2021-04-13,Standup,"The story of Steve Madden: started as a salesman for a shoestore, excelled, went to prison for fraud, lost and regained his brand a couple times over, etc. He doesn't even particularly like shoes that much",Yes!,Yes!
2021-04-13,Sitdown,state population totals will be released at the end of the month- this will tell us how many new representatives we get!,Yes!,Yes!
2021-04-14,Standup,"toad gestation can be as short as 3 days, and is highly variable. tadpoles sense their environment, weighing predicted fitness against mortality risk and decide when to develop legs and embark terrestrially",Yes!,Yes!
2021-04-15,Standup,it snowed in Ann Arbor today despite being very warm last week,Yes!,Yes!
2021-04-16,Standup,quantum computers are so slow they won't hack you until you're dead,Yes!,Yes!
2021-04-16,Sitdown,some plants can emit pheromones that attract the enemies of their enemies,Yes!,Yes!
2021-04-19,Sitdown,"at any given time in their existence, there were between 1300-300k t-rexes",Yes!,Yes!
2021-04-20,Standup,brian's p-chem professor had been teaching at the university for 50 years,Yes!,Yes!
2021-04-21,Standup,there's an illegal succulent trade,Not really :(,Yes!
2021-04-21,Sitdown,the domino's hq (in ann arbor) has one of the largest copper roofs in the world,Yes!,Yes!
2021-04-22,Standup,jeff is getting half of his hair cut off today,Yes!,Yes!
2021-04-22,Sitdown,"eric carmin, in writing Celine Dion's smash hit ""All By Myself"" uses the chord progression from a rachmaninov concerto, thinking it was in the public domain. It was not, and now rachmaninov has a songwriting credit and gets royalties. It is rachmaninov's top charted song.",Yes!,Yes!
2021-04-23,Standup,"most of the ""snakes"" in the Indiana Jones snake pit are legless lizards",Yes!,Yes!
2021-04-23,Sitdown,"Brian's roommate Claire was a research assistant for Caleb McDaniel's Pulitzer Prize-winning book ""Sweet Taste of Liberty""",Yes!,Yes!
2021-04-26,Standup,brian grew up 2mi from the CDC. his friend's first job was testing the eyewash stations in each lab in the CDC,Yes!,Yes!
2021-04-27,Standup,"david grew up in the same town as the creators of the Nickelodeon TV show Doug. David went to Moody Middle School, which inspired the Moody Prep School for the Arts that Doug's sister attended",Yes!,Yes!
2021-04-27,Sitdown,"dolphins don't drink seawater, they get all their hydration from their diet",Yes!,Yes!
2021-04-28,Standup,"today is ""Ed Balls"" Day - the anniversary of Englishman Ed Balls accidentally tweeting his name while intending to search for himself",Yes!,Yes!
2021-04-28,Sitdown,"brian was having a cast removed from his wrist in the 5th grade. the nurse accidentally cut his shirt with the cast-removing saw. frazzled, she laid the saw down on the bench where it lacerated the seat cushion. more frazzled, she gave the cast to brian's dad, who successfully cut the cast off, as the doctor entered the room in shock.",Yes!,Yes!
2021-04-30,Standup,brian's brother got his coronavirus vaccine on corona st,Yes!,Yes!
2021-04-30,Sitdown,jeff used to golf 20-25 over par,Yes!,Yes!
2021-05-03,Sitdown,"possums and opossums are different in australia, but are the same in North America. Male (o)possums (North American) have bifurcated penises",Yes!,Yes!
2021-05-05,Sitdown,lebron james bought a herman miller office chair for gaming by recommendation of twitter,Not really :(,Yes!
2021-05-06,Standup,"it is best to brush your teeth before breakfast bc 1) brushing adds a protective layer to your teeth 2) brushing directly after a meal only gets out the big chunks that would have dislodged on their own 3) brushing after a meal can just spread the food around your mouth (e.g., coffee, OJ)",Not really :(,Yes!
2021-05-07,Standup,"shannon tracks her workouts in triplicate form: strava app, google sheet, physical notebook",Yes!,Yes!
2021-05-10,Standup,carly and effie got manicures this weekend,Yes!,Yes!
2021-05-10,Sitdown,"basecamp's former director of marketing captured a tiger, bobcat and 2 wolves on the loose in detroit. today, a tiger was on the loose in houston",Yes!,Yes!
2021-05-11,Sitdown,Jeff is considering watching the movie Object of my Affection: a problematic looking 1998 rom com starring Paul Rudd and Jennifer Anniston,Yes!,Yes!
2021-05-12,Standup,"the oldest tree in the world is named ""Tule"" and lives in Oaxaca, Mexico ",Yes!,Yes!
2021-05-13,Standup,David was the first person to report a coyote sighting on Galveston's new coyote sighting reporting app,Yes!,Yes!
2021-05-14,Sitdown,"9% of people who work at Quicken Loans are named ""Matt.""",Yes!,Yes!
2021-05-14,Standup,9% of people who work at Quicken Loans are named ‘Matt’.,Yes!,Yes!
2021-05-17,Sitdown,"millenials born between 1980 and 1985 (e.g., david, carly) are called geriatric millineals",Not really :(,Yes!
2021-05-18,Standup,"extreme ironing is sport invented in the 80's in which people iron clothes while doing extreme sports (e.g., rock climbing, jet skiing) ",Yes!,Yes!
2021-05-18,Standup,emi bought a functional bike for $5 from a yardsale!,Yes!,Yes!
2021-05-19,Standup,"the hanson brothers made a beer called ""mmm-hops""",Yes!,Yes!
2021-05-19,Sitdown,Effie is going to start ballet in June,Yes!,Yes!
2021-05-20,Sitdown,a tasmanian devil's teeth never stop growing!,Yes!,Yes!
2021-05-21,Standup,"June had a big poop today (May 21, 2021)",Not really :(,Yes!
2021-05-24,Sitdown,"baby sea lions are called ""pups""",Yes!,Yes!
2021-05-25,Sitdown,a lamb chop is shaped like a T and a lamb shoulder goes around a circular bone of the lamb,Not really :(,Not really :/
2021-05-26,Standup,every tx lege session is the worst tx lege session yet,Not really :(,Not really :/
2021-05-26,Sitdown,it's brian's birthday!!!,Yes!,Yes!
2021-05-27,Standup,"Brian went to Ninfa's for the first time for his birthday. Ninfa's claims to have introduced ""sizzling fajitas"" to the US. When Ninfa's was sold and their quality suffered, embittered family opened competing El Tiempo next door",Yes!,Yes!
2021-05-27,Sitdown,jeff ate a honeycrisp apple; honeycrisp apples are genetically engineered to be refrigerated; honeycrisp apples are the superior apple,Yes!,Yes!
2021-05-28,Standup,why is the alphabet in the order that it is?,Yes!,Not really :/
2021-06-01,Standup,the NE Patriots sued Eric's middle school,Yes!,Yes!
2021-06-01,Sitdown,houston is getting its first korean spa,Yes!,Yes!
2021-06-02,Standup,"Carly's daughter Effie thinks Carly wrote the song ""I wanna hold your hand""",Yes!,Yes!
2021-06-02,Sitdown,"granite is a composite stone of quartz, maybe feldspar, and other minerals",Yes!,Not really :/
2021-06-03,Standup,carly went to Underbelly Preserv yesterday,Yes!,Yes!
2021-06-03,Sitdown,pruney fingers from being underwater is a evolutionary adaption - the folds enable better grip!,Yes!,Yes!
2021-06-07,Standup,the US men's national soccer team won the Gold Cup,Yes!,Yes!
2021-06-07,Standup,brian saw one of the world's largest freestanding domes in his recent travels to Indiana,Yes!,Yes!
2021-06-08,Standup,david went surfing this morning and plans to attend in-person yoga this evening,Yes!,Yes!
2021-06-08,Sitdown,the washing machine goes on the bottom of stacked laundry setups bc the extra weight and agitation of the washing machine stabilizes the stack,Not really :(,Yes!
2021-06-09,Standup,a construction site that carly's husband was involved in was forced to stop development because historic artifacts were found on site!,Yes!,Yes!
2021-06-09,Sitdown,"ties aren't allowed in Valhalla (Rice's grad student bar) unless you've just defended your dissertation- then, your tie is ceremoniously cut and taped to the wall to mark the accomplishment!",Yes!,Yes!
2021-06-10,Standup,"Jeff went to a dumping site yesterday, and the attendant required all dumpers to teach him something before dumping. Jeff shared one of our fun facts! he taught the person about trees' air cooling effects and mycorrhizal communication with other trees! ",Yes!,Yes!
2021-06-11,Standup,some feral cats near jeff had kittens,Yes!,Yes!
2021-06-14,Standup,Eric went to MFAH this weekend and learned at a photography exhibit that photography was invented long before he thought - in the early 1800's!,Yes!,Yes!
2021-06-14,Sitdown,dave's hot chicken is coming to houston - it started in a parking lot in a tent in LA near kelsey's old home,Yes!,Yes!
2021-06-15,Standup,Effie has worn her big girl underwear 2 nights in a row with no accidents ,Yes!,Yes!
2021-06-15,Standup,brian listened to a good program on KTSU that started talking about what someone ate for lunch and ended with a critical discussion about dispossession of land from black families,Yes!,Yes!
2021-06-16,Standup,jeff started watching a werner herzog movie about a man who got eaten by a bear (grizzly man),Not really :(,Yes!
2021-06-16,Sitdown,"debt collectors target low-income people because they're less likely to show up to court (and if they did, the debt would probably be dismissed)",Not really :(,Yes!
2021-06-17,Standup,"kanye west sampled daft punk's ""Stronger better faster stronger"" in his song ""stronger"". kanye was never happy with the song, he thought it was bad compared with the original daft punk",Yes!,Yes!
2021-06-17,Sitdown,"one year, rice university football's MVP was jack fox, the punter. he went on to play in the NFL and has probowl experience",Yes!,Yes!
2021-06-18,Standup,"a musician/researcher in the 1950's sought to answer the question ""what is music?"". one angle he took to answer the question was to project noise through speakers very close to someone's head. the proximity of the speakers to the head/ears caused the sound to change",Yes!,Yes!
2021-06-21,Sitdown,the mrna vaccines work by stopping the spiky protein from entering your cells,Yes!,Yes!
2021-06-22,Standup,NYC is doing rank choice voting for their current mayoral election. Ireland does rank choice voting. The population of NYC (9mil) is roughly twice the population of Ireland (4.7mil),Yes!,Yes!
2021-06-22,Sitdown,is it ok to use soap on cast iron?,Not really :(,Not really :/
2021-06-23,Sitdown,kelsey planned his own wedding,Yes!,Yes!
2021-06-24,Standup,"java lava is now mo' better brews, a vegan coffeeshop and vinyl shop",Yes!,Yes!
2021-06-24,Standup,"today, ben's younger brother threw a complete game, leading his team to victory and securing a place in the state semifinals!",Yes!,Yes!
2021-06-25,Standup,"david was on a home renovation show in galveston as an ""interested buyer""",Yes!,Yes!
2021-06-28,Standup,june may be allergic to dogs,Not really :(,Yes!
2021-06-28,Sitdown,Nigel and Emi played the french horn in middle school. David and Jeff played the trombone,Yes!,Yes!
2021-06-29,Standup,"some of the first roads were built by a clever forestry method: cut trees to the stump at the same time, then take the same-sized resulting regrowth shoots and weave them together into a dense mat",Yes!,Yes!
2021-06-29,Standup,"benjamin button is not based on a true story, but a short story",Yes!,Yes!
2021-06-30,Sitdown,hitler introduced wushu into the olympics,Yes!,Yes!
2021-07-01,Standup,"Brian saw someone who looked like Ted Cruz at Whole Foods years ago. Looking back, he thinks it was probably him",Not really :(,Not really :/
2021-07-02,Standup,"David went to a show in Galveston in which Dead Edgar/Deadgar Allen Poe recited works of Poe alongside Chopin. Deadgar's day job is a realtor, and he promoted that business at the show, in full costume/makeup.",Yes!,Yes!
2021-07-06,Standup,National Treasure is a sexist movie,Yes!,Yes!
2021-07-06,Standup,"it is not so much the sugar, but the artificial dyes, that makes kids hyperactive after eating too much candy",Yes!,Yes!
2021-07-07,Standup,you shouldn't put eggshells in the garbage disposal,Yes!,Yes!
2021-07-08,Standup,the turkey leg hut has a controversial new dress code,Yes!,Yes!
2021-07-08,Sitdown,vulfpek has a typeface that was designed wby someone who made a typeface design website,Yes!,Yes!
2021-07-12,Standup,Emi had fresh durian fruit for the first time this weekend and was pleasantly surprised,Yes!,Yes!
2021-07-12,Sitdown,cmd-shift-l is a keyboard shortcut in many text editors that creates cursors on every row,Yes!,Yes!
2021-07-13,Standup,emi met one of our clients years ago at a family friend's backyard bbq in michigan,Yes!,Yes!
2021-07-13,Standup,"Wishbone was filmed in Allen, TX",Yes!,Yes!
2021-07-14,Standup,fireflies synchronize their flashes,Yes!,Yes!
2021-07-15,Standup,"shannon went to all 129 Houston BCycle stations in the last 2 weeks, making her a Tour de BCycle champion!",Yes!,Yes!
2021-07-15,Sitdown,"in the next 30 years, there are going to be catastrophic floods be the moon will wobble increasing tides and additionally we continue to destroy our planet",Not really :(,Yes!
2021-07-16,Standup,houston has a street called Wesleyan (named for the college) but it's misspelled,Yes!,Yes!
2021-07-19,Sitdown,"Buffalo sauce for wings is named after Buffalo, NY",Yes!,Yes!
2021-07-20,Standup,Jeff's great aunt was a dentist but the only job she could get in 1920 was out in rural Montana.,Yes!,Yes!
2021-07-20,Sitdown,ben ran into a wasp,Not really :(,Yes!
2021-07-21,Standup,Brian was once approached by an art dealer to be a bouncer at a gallery in montrose.,Yes!,Yes!
2021-07-22,Standup,A group of whales is called a pod.,Yes!,Yes!
2021-07-23,Standup,Kelsey swam in the Marriott Texas-shaped pool for the first time.,Yes!,Yes!
2021-07-26,Sitdown,UT and oU left the Big XII and are trying to join the SEC,Yes!,Yes!
2021-07-27,Standup,"a rice women's basketball is representing Nigeria in the Olympics. She is a medical student, competing during her summer break. both of her sisters are in the WNBA ",Yes!,Yes!
2021-07-27,Sitdown,cryogenic therapy (which Nigel tried for the first time yesterday) works by way of simulating hypothermia in a controlled environment,Yes!,Yes!
2021-07-28,Standup,"Simone Biles didn't sign with Under Armor because her family cheered too loudly for the Cleveland Brown when they were playing the Washington Redskins, and the UA person was a Redskins fan",Yes!,Yes!
2021-08-02,Standup,"layatril was a drug purported to cure cancer in the 70's that really did nothing and killed some people, including Steve McQueen",Yes!,Yes!
2021-08-03,Standup,"jeff's youtube algorithm is filled wihtt succulent propagation and coin-operated businesses (e.g., vending machines, laundromats, car washes)",Yes!,Yes!
2021-08-03,Sitdown,"all froot loops are the same flavor, just different colors",Yes!,Yes!
2021-08-04,Standup,emi's grandparents live in an eichler home,Yes!,Yes!
2021-08-06,Standup,carly's magician is NOT vaccinated,Yes!,Yes!
2021-08-09,Standup,"if you take a seed form an apple, e.g., an envy apple, and plant it, it won't create another envy apple. Instead, it will be a totally different apple type. to make another envy apple, you'd have to plant a graft from the envy apple tree",Yes!,Yes!
2021-08-09,Sitdown,"kosher meats are good, but kosher baked goods are trash",Yes!,Not really :/
2021-08-10,Standup,the first pizza was launched into space in 2000; pizza hut has undergone 4 major rebrandings; ,Yes!,Yes!
2021-08-11,Standup,kelsey is fostering a dog named Margo/Penny,Yes!,Yes!
2021-08-12,Standup,jeff's new hobby is searching for electric guitars on amazon and sorting most to least expensive,Not really :(,Yes!
2021-08-12,Sitdown,the original recording of Madonna's Borderline was 7min long,Yes!,Yes!
2021-08-16,Standup,carly's family was spellbound by a video of a tortoise eating a strawberry,Yes!,Yes!
2021-08-16,Sitdown,"250,000 people live in Houston's petrochemical complex",Not really :(,Yes!
2021-08-17,Standup,Emi left her home with eggplant flowers in her garden and returned to 2 large eggplants!,Yes!,Yes!
2021-08-17,Sitdown,Cornell has a building with a copper door that aged quickly and looks weird now.,Not really :(,Yes!
2021-08-18,Standup,"brian had a plantain taco which consisted of boiled plantains mashed, mixed with other ingredients (corn, rice, beans), and then reformed into the shape of a plantain",Yes!,Yes!
2021-08-20,Standup,brian's dad's friend's dad biked across the country 3 times- the first time for the bikecentennial in  1976,Yes!,Yes!
2021-08-23,Standup,"hippos spend 90% of their time in water, but cannot swim",Yes!,Yes!
2021-08-23,Sitdown,Shohai Otani is an exceptional pitcher AND leads the league in hitting AND has 17 stolen bases,Yes!,Yes!
2021-08-24,Sitdown,Effie has discovered the existence of a pink rody,Yes!,Yes!
2021-08-25,Standup,Minneapolis had a grand plan to redesign their streets Parisian style but then got interrupted by WWI,Yes!,Yes!
2021-08-25,Sitdown,david bought a case of fizzy water and it wasn't fizzy at all,Yes!,Yes!
2021-08-26,Standup,David is going to the Minnesota State Fair tomorrow where they will have bottomless milk and buckets of cookkies,Yes!,Yes!
2021-08-30,Standup,Prince wrote the song Manic Monday and is generally a very good musician,Yes!,Yes!
2021-08-30,Sitdown,"someone brian went to a hackathon-type event with a decade ago wrote a baby book called ""Happy Pup, Angry Tiger""",Yes!,Yes!
2021-09-01,Standup,shannon has a spider collection with over 80 species,Yes!,Yes!
2021-09-02,Sitdown,"at one point there were 170million acres of tall grass plains in the US, now less than 4% remains",Not really :(,Yes!
2021-09-03,Standup,"if you canoe down the bayous long enough in houston, you will enter the ship channel and escorted out via machine gun by homeland security",Yes!,Yes!
2021-09-07,Standup,it's rosh hashanah,Yes!,Yes!
2021-09-09,Standup,jeff almost bought a house behind Texas Art Supply when he first moved to Texas,Not really :(,Not really :/
2021-09-09,Sitdown,"Brian has too many fruits in his house, and Carly has too few fruits in her house",Yes!,Yes!
2021-09-10,Standup,"hospitals will be charged between $300,000 and $66,000,000 for non-compliance with the new price transparency law",Yes!,Yes!
2021-09-10,Sitdown,The Great Gatsby entered the public domain and Brian is going to see one of the first musical adaptations of the story. It's 3 hours long.,Yes!,Yes!
2021-09-14,Standup,1-in-9 people in nursing homes are diagnosed with schizophrenia because the diagnosis allows staff to prescribe psychoactive drugs which make the patients easier to manage,Not really :(,Yes!
2021-09-14,Sitdown,a galveston man was arrested for disorderly conduct because he was walking the beach dressed like Mike Myers with a fake bloody knife right before tropical storm Nicholas made landfall,Yes!,Yes!
2021-09-15,Standup,jeff's girlfriend used a drumstick to pry open a big dog's mouth releasing a little dog from its jaws.,Yes!,Yes!
2021-09-16,Standup,effie found several acorns of various sizes,Yes!,Yes!
2021-09-20,Standup,Jeff went to the Houston-area stamp show this weekend and bought a postcard with a samurai made of postage stamps,Yes!,Yes!
2021-09-20,Sitdown,Emi had dinner with Antoine Stanley of Vulfpeck last night,Yes!,Yes!
2021-09-21,Standup,A dog that came to Jeff's door later was taken in by Shannon's friend. Follow her on instagram: @ginny_the_good_girl,Yes!,Yes!
2021-09-22,Standup,"Toledo, OH has a law that grants some personhood rights to nature",Yes!,Yes!
2021-09-22,Standup,Brian went to a lecture by an architect who made an installation that used a raster of someone's eyes,Yes!,Yes!
2021-09-23,Standup,"Brian's math & science high school academy was sponsored by Lenovo and when they went to tour the Lenovo factory, their teacher gave the tour guide a plaque",Not really :(,Yes!
2021-09-27,Standup,brian is watching avatar the last airbender,Yes!,Yes!
2021-09-28,Standup,copper has a green flame,Yes!,Yes!
2021-09-28,Sitdown,kelsey made pumpkin mochi and red bean paste,Yes!,Yes!
2021-09-29,Standup,"Emi made lentil soup with an heirloom tomato last night, per Jeff's recommendation",Yes!,Yes!
2021-09-29,Sitdown,carly served kid rock room service when she worked at the Four Seasons,Yes!,Yes!
2021-10-01,Standup,"the ""key grip"" on a movieset it in charge of using tape and clamps to stick things together",Yes!,Yes!
2021-10-01,Standup,there is a small batch ice cream distributer in houston who disseminates ice cream via clues and shannon competes every week,Yes!,Yes!
2021-10-05,Sitdown,"at age 20, jeff rented a car from rent-a-wreck. the brakes didn't work and there were bullet holes in the frame",Not really :(,Yes!
2021-10-06,Standup,brian's new local public library is on a bike trail,Yes!,Yes!
2021-10-07,Standup,"brian had coffee that was originally grown in ethiopia, but was raised in nicaragua",Yes!,Yes!
2021-10-08,Standup,Emi found an enormous puffball mushroom in her yard and ate some of it!,Yes!,Yes!
2021-10-11,Standup,it's marathon monday! everyone in boston has the day off to watch the Boston Marathon,Yes!,Yes!
2021-10-11,Sitdown,"a group of broadwinged hawks are called a ""kettle""",Yes!,Yes!
2021-10-12,Standup,is one win a streak?,Yes!,Yes!
2021-10-13,Standup,emi's cousin played n a recreational field hockey league with Steve Carrell,Yes!,Yes!
2021-10-14,Standup,jeff recommends you buy scott's sauerkraut vegan kimchi,Yes!,Yes!
2021-10-15,Sitdown,"brian's host started as the 8th person in a company and now there are 150 people, only a couple years later",Yes!,Yes!
2021-10-18,Sitdown,china only has 1 time zone,Yes!,Yes!
2021-10-19,Standup,"it's ""join jeff and me"", but ""jeff and I are joining""",Not really :(,Yes!
2021-10-19,Sitdown,"brian used to work across the street from what is now eminem's ""mom's spaghetti"" restaurant",Not really :(,Yes!
2021-10-20,Standup,ranch dressing was initially called ranch dressing because it was made on a ranch-- a ranch called hidden valley!,Yes!,Yes!
2021-10-21,Standup,"to hang in a baseball conversation, you just need to have an opinion on designated hitters",Yes!,Not really :/
2021-10-27,Sitdown,shannon is going to the world series!!!!!!!!!!!!!!!!,Yes!,Yes!
2021-10-28,Standup,pittsburgh is a very walkable city,Yes!,Yes!
2021-11-01,Standup,"the book ""The Power Broker"" was supposed to be even longer and include a chapter about how Robert Moses moved the Brooklyn Dodgers to LA. ",Not really :(,Yes!
2021-11-02,Standup,a researcher detected agatha christie's dementia by studying the number and diversity of words in her novels over time.,Yes!,Yes!
2021-11-02,Sitdown,-40C is the same as -40F,Yes!,Yes!
2021-11-03,Sitdown,there's a new movie that's 100hr long about a man at the beach,Yes!,Yes!
2021-11-05,Standup,David's neighborhood is probably not the founder of Square,Yes!,Yes!
2021-11-05,Sitdown,"Spiritualized just released a re-recording of a song and it isn't as good, according to Jeff.",Not really :(,Yes!
2021-11-08,Standup,a farm near brian's house is moving to a different location,Yes!,Yes!
2021-11-08,Sitdown,"in the third grade, brian considered writing a book about everything he knew",Not really :(,Yes!
2021-11-09,Standup,emi's mom plays the mandolin,Yes!,Yes!
2021-11-11,Standup,brian won a bag of coffee beans in a sweepstakes by a youtuber he likes,Yes!,Yes!
2021-11-12,Standup,some termites farm fungi by carving channels through their mounds,Yes!,Yes!
2021-11-15,Sitdown,Jeff finally remembered ARLO'S HOUSE!,Yes!,Not really :/
2021-11-16,Standup,Kelsey hates most of the Peloton instructors. Carly likes most of them.,Yes!,Not really :/
2021-11-17,Standup,Carly's sister Shawna has been getting emails from someone with the same name for 10 years and now they have a rapport. Shawna is thinking of submitting their story to the Today Show so they can meet on TV,Yes!,Yes!
2021-11-17,Sitdown,"the mean population center of the US is Heartsville, MO",Yes!,Yes!
2021-11-18,Sitdown,"carly has gone 6 days without washing her hair, and it still looks good",Yes!,Yes!
2021-11-19,Standup,peacock has released extended episodes of the first 3 seasons of The Office,Yes!,Yes!
2021-11-22,Standup,"favorite pies-- brian:pecan, shannon:lemon meringue, carly:cherry, david:sweet potato, emi:mixed berry, jeff:keylime",Yes!,Yes!
2021-11-22,Sitdown,shannon bike commuted to hobby airport for a flight,Yes!,Yes!
2021-11-23,Standup,houston has a large MLM-esque industry of traffic directors comprised of off-duty police officers,Yes!,Yes!
2021-11-29,Sitdown,Carly and Jeff are watching and enjoying the new television special on The Beatles,Yes!,Yes!
2021-12-01,Standup,Home Depot has the best boxes,Yes!,Yes!
2021-12-02,Standup,brian met a guy who was trying to create a mosquito-killing laser,Yes!,Yes!
2021-12-06,Sitdown,Shannon used to tell people she was related to Aaron Carter for clout,Yes!,Yes!
2021-12-09,Sitdown,there is an imminent war between russia and ukraine,Not really :(,Not really :/
2021-12-15,Standup,jeff and brittany played a 'guess the beatles song in 1 second' game,Yes!,Yes!
2021-12-16,Standup,https://www.facebook.com/426643881018441/posts/1606583626357788/,Yes!,Yes!
2021-12-17,Standup,PAM (the cooking spray) is an acronym for Product of Author McAurthor. Carly is related to Aurthur McAurthur,Yes!,Yes!
2022-01-03,Sitdown,jeff had one but forgot it,Not really :(,Not really :/
2022-01-04,Sitdown,menchi's frozen yogurt has good covid protocols,Not really :(,Yes!
2022-01-05,Standup,"Lady Bo, backup guitarist for Bo Diddly, is a very good musician who pioneered music in that style",Yes!,Yes!
2022-01-06,Standup,the only people who call jeff jeffrey are jeff's mother and Dr. Fred Wherry,Yes!,Yes!
2022-01-06,Sitdown,"brian spontaneously ran for a precinct chair in detroit bc when he went to the polls early in the morning, no one was running",Yes!,Yes!
2022-01-07,Standup,taylor has been getting zapped by static electricity more often lately and kelsey deduced it's because she just moved to a dryer climate ,Yes!,Yes!
2022-01-11,Standup,"one of shannon's former colleagues discovered a new species of wasp on rice campus and named it after the grad student pub, valhalla",Yes!,Yes!
2022-01-11,Sitdown,average fuel efficiency of a car in 1970 was 11mpg; now it's 22mpg,Yes!,Yes!
2022-01-12,Sitdown,"since 2013, the City of Austin has successfully fielded over 100,000 requests for flood models and risks",Yes!,Yes!
2022-01-14,Standup,"Carly ate a habenero pepper yesterday, mistaking it for a bell pepper and nearly vomited bc it was so hot",Yes!,Yes!
2022-01-18,Standup,"In 201, the time to disposition for eviction cases has tripled compared to past years",Yes!,Yes!
2022-01-18,Sitdown,kelsey bought a french-japanese pot lid holder without a spoon rest,Yes!,Yes!
2022-01-20,Standup,it's king cake season! a tradition with similar variations across the world,Yes!,Yes!
2022-01-24,Sitdown,houston has 60 community centers,Yes!,Yes!
2022-01-25,Standup,willem dafoe only agreed to be in the new batman movie if he could do his own stunts,Yes!,Yes!
2022-01-25,Sitdown,"Kaboom Parks, make famous by Parks & Rec, is a real thing",Yes!,Yes!
2022-01-27,Standup,https://poets.org/poem/let-them-not-say,Yes!,Not really :/
2022-01-28,Standup,"the neighborhoods north and south of W Amabama St were platted by different developers, so Hazard is askew crossing Alabama",Yes!,Yes!
2022-01-31,Standup,"lots of italians moved to argentina, so they have good pizza",Yes!,Yes!
2022-02-01,Standup,slinkies were invented in philly,Yes!,Yes!
2022-02-03,Standup,Brian found a very rare coffee varietal at the farmer's market,Yes!,Yes!
2022-02-09,Sitdown,fort bend county redrew their county precincts without consulting anyone,Yes!,Yes!
2022-02-10,Sitdown,jeff's high school locker combination was 16-24-36,Not really :(,Yes!
2022-02-14,Standup,"chronigically, it is more accurate to depict a T. Rex on a unicycle than to depict one fighting a stegasaurus ",Yes!,Yes!
2022-02-14,Sitdown,tom brady has won more superbowls than any one nfl team,Yes!,Yes!
2022-02-15,Sitdown,"brian thought he was ordering empanadas for lunch, but actually ordered a whole fried chicken and potatoes",Yes!,Yes!
2022-02-18,Standup,brian is making a boston cream pie for a friend's bday,Yes!,Yes!
2022-02-21,Standup,"brian watched terminator 2 this weekend. at the time it was released, it was the most expensive movie ever made. BUT, adjusted for inflation, the most expensive movie was the 1950's film Cleopatra",Yes!,Yes!
2022-02-22,Standup,slack is down,Yes!,Yes!
2022-02-23,Standup,whole foods has good heirloom tomatoes,Yes!,Yes!
2022-02-24,Standup,short grain white rice is a major cause of obesity in Hawaii,Not really :(,Yes!
2022-03-01,Standup,shannon's friend works in mobile home park real estate,Not really :(,Yes!
2022-03-02,Standup,baseball's opening day is a holiday in detroit,Yes!,Yes!
2022-03-03,Standup,"when you google dashboard confessional, one of the metadata fields is ""guy""",Yes!,Yes!
2022-03-07,Sitdown,"Gerard speaks three languages (Spanish, Catlan, English); After five years in the US, Gerard became a US citizen!",Yes!,Yes!
2022-03-14,Sitdown,Marvelous Ms Maisel was filmed in Gerard's neighborhood,Yes!,Yes!
2022-03-15,Standup,the average american uses 142 rolls of toilet paper per year,Yes!,Not really :/
2022-03-15,Sitdown,"the phrase ""you can't have your cake and eat it too"" was originally phrased as ""you can't eat your cake and then still have it too"", which is more clear and closer to the actual meaning of the idiom",Yes!,Yes!
2022-03-16,Standup,Jeff may have a second career as a dashcam videographer on Reddit... if he gets a dashcam.,Yes!,Not really :/
2022-03-16,Standup,"the idiom ""just desserts"" is actually spelled ""just deserts"" because the word desserts didn't exist yet",Yes!,Yes!
2022-03-17,Sitdown,"kelsey just learned that a vegetable he grew up calling wambach is what we call napa cabbage, and people elsewhere in the world call Chinese cabbage",Yes!,Yes!
2022-03-18,Standup,we made a playlist of houston/texas songs to welcome our out-of-towners for the retreat next week!,Yes!,Yes!
2022-03-21,Standup,"in 2021, when homeowners in Harris County protest a property tax reduction, it's much more likely to get accepted when they do it themselves (82%) vs with an agent (50%)",Yes!,Yes!
2022-03-22,Sitdown,Gerard is watching a new reality show called Making Fun and ran into one of the stars of the show at Trader Joes,Yes!,Yes!
2022-03-23,Standup,"A group of meerkats is called a ""mob"" ",Yes!,Yes!
2022-03-29,Standup,it's gerard's birthday! he's making pasta and olive oil cake to celebrate,Yes!,Yes!
2022-03-30,Standup,"david experienced a new form of wintery precipitation in NM yesterday - graupel, a mix between hail and sleet",Yes!,Yes!
2022-03-30,Standup,Victorians ate mummified humans for health,Not really :(,Yes!
2022-03-31,Standup,slapping is part of scientology culture,Yes!,Yes!
2022-03-31,Sitdown,david had a chocolate hallah bread pudding in new mexico,Yes!,Yes!
2022-04-04,Standup,"a complex water treaty governs water use of the rio grande. if you remove water from the the river, it has to be replaced within 5 years",Yes!,Yes!
2022-04-04,Sitdown,the us-mexico border has shifted over the years as the rio grande changes its path,Yes!,Yes!
2022-04-05,Standup,"new mexico's state symbol that appears on license plates, flags, etc. has four sets of four - symbolizing the 4 times of day, 4 seasons of the year, 4 cardinal directions, and 4 phases of life",Yes!,Yes!
2022-04-06,Standup,the average american cow produces 2200 gallons of milk a year,Yes!,Yes!
2022-04-06,Standup,an average american cow produces 2200 gallons of milk a year,Yes!,Yes!
2022-04-07,Standup,43% of houston is impervious surfaces,Yes!,Yes!
2022-04-11,Standup,Carly is pregnant!!!!,Yes!,Yes!
2022-04-11,Sitdown,brian met the brother of the woman who owns good dog - a professional bmx bicyclist sponsored by red bull who tried to get the bike shop that brian managed to be a red bull sponsored shop by taking all of the mechanics to San Antonio to watch a bmx race around the alamo,Yes!,Yes!
2022-04-12,Standup,all of brian's favorite musicians are friends with each other and collaborate with other bands,Yes!,Yes!
2022-04-13,Standup,"everything carly ate last night came from a farmer's market - acorn squash, onion, and pasta",Yes!,Yes!
2022-04-13,Sitdown,Carly's bat mitzfah theme was Carly & Zachary's Magical Mystery Tour,Yes!,Yes!
2022-04-14,Standup,"1. diagnosis for MS used to be by process of elimination 2. now scientists know the Epstein-Bar Virus, but contracting EBV affects people differently 3. Now that cause is determined, more effective treatments can be developed",Yes!,Yes!
2022-04-18,Sitdown,"Biscotti means ""twice baked"" in italian",Yes!,Yes!
2022-04-19,Standup,Purple Rain is a fictional movie but all of the actors in it are playing themselves,Yes!,Yes!
2022-04-19,Sitdown,this is somebody's favorite wikipedia page https://en.wikipedia.org/wiki/Frederick_Russell_Burnham,Yes!,Yes!
2022-04-20,Standup,the indigenous peoples of houston hunted buffalo by burning the prairie to herd the buffalo to the bayou. the periodic burns gave the natural prairie habitat fertile soils that later proved great for agriculture.,Yes!,Yes!
2022-04-20,Sitdown,"if someone asks you why you like something, and you can't come up with specific reasons, it makes you like the thing less ",Yes!,Yes!
2022-04-21,Standup,"in a northern european country, if someone wins the lottery, everyone on their block *who also bought a lottery ticket* wins the lottery",Yes!,Yes!
2022-04-21,Sitdown,"If you want to study Space Law, The University of Mississipi is the place to go, or maybe Mississippi State. There's so much that's unsettled in Space Law.",Yes!,Yes!
2022-04-25,Sitdown,100% of Houston's Braeburn neighborhood is in the 500-year floodplain and 80% is in the 100-year floodplain,Yes!,Yes!
2022-04-27,Sitdown,the guy who invented CKAN is from a town nearby to Gerard's hometown,Yes!,Yes!
2022-04-28,Sitdown,Kelsey found an organization called The Kelsey dot org that seems like a cool organization,Yes!,Not really :/
2022-04-29,Standup,"cars always drive in the bus only lanes in houston, so they painted them red, but still cars drive in them",Yes!,Yes!
2022-05-02,Standup,brian went to a concert and the guitarist looked just like david,Yes!,Yes!
2022-05-02,Sitdown,a friend of one of carly's college friend's is married to John Stamos,Yes!,Yes!
2022-05-03,Standup,brian and david both went to experimental music concerts last night,Yes!,Yes!
2022-05-03,Sitdown,"there are mice in Emi's cars, and previously mice lived in Gerard's car. peppermint oil was a surprisingly effective repellant",Yes!,Yes!
2022-05-04,Standup,kelsey bought a splash pad for his dog in prep for the upcoming heat wave,Yes!,Yes!
2022-05-11,Standup,'Succession' star James Cromwell glued his hand to a Starbucks counter to protest the surcharge for non-dairy milk,Yes!,Yes!
2022-05-12,Standup,"when atlanta hosted the olympics in 1996, brian's dad was on the committee as the whitewater expert. the committee wanted to build a slide on stone mountain, but brian's dad suggested instead they go north to a natural river",Yes!,Yes!
2022-05-12,Standup,10 of the 29 ice cream places shannon has been to in houston are in the heights,Yes!,Yes!
2022-05-16,Standup,"a proponent of the ""free range kids"" movement got mad bc she was watching kids at recess and the teacher told her not too, so she wrong a longggg article about it",Yes!,Yes!
2022-05-16,Standup,Nate has to get been using old Sanborn maps of downtown Houston for work. Many historic horse stables have been converted into car garages,Yes!,Yes!
2022-05-17,Standup,"some cats may know their owners' names, in their own way of understanding/language",Yes!,Yes!
2022-05-17,Sitdown,jeff's neighborhood does not want to be a historic district,Yes!,Yes!
2022-05-18,Standup,David has rediscovered the magazine The Oxford American. He read one story about a woman who makes rugs and went deaf and got arrested. Another story talked about the intersection of chilvary and white supremacy,Yes!,Yes!
2022-05-18,Sitdown,"in her role as ""office girl"", carly got PE credit for vacuuming the baseball coach's office ",Yes!,Yes!
2022-05-19,Standup,"brian engaged in conversation with a man selling his dead wife's grand piano for a big discount on craig's list. the man offered the piano for free, but brian didn't want it, so connected him with a friend in the music school. the friend wanted the piano and followed up with the man but it was a scam - there was no piano, no dead wife.",Yes!,Yes!
2022-05-19,Sitdown,kelsey collects his cat's hair in jars,Yes!,Yes!
2022-05-24,Standup,"6 years ago, gerard had drinks with someone who is now wanted by the FBI",Yes!,Yes!
2022-05-25,Standup,"if you put a hanger over your head, your head reflexively turns to the left",Yes!,Yes!
2022-05-25,Sitdown,a raw egg will spin longer than a hard-boiled eggs,Yes!,Yes!
2022-05-31,Standup,carly is staying next to the only gondola-based free public transit in the country,Yes!,Yes!
2022-05-31,Sitdown,"the barnes & noble on bellaire is closing, so everything is 40% off",Yes!,Yes!
2022-06-01,Standup,"cnbc reported the 30-year mortgage rate at 3.25%, but it was a typo, they meant 5.25%",Not really :(,Yes!
2022-06-01,Sitdown,"the NPS has a list of national parks that are in cities, called The Urban Agenda",Yes!,Yes!
2022-06-02,Standup,the whole city of telluride closes from april to june every year for the elk migration,Yes!,Yes!
2022-06-02,Sitdown,The American Statesmanship Park is a Harris County Park that many people see but few people visit - it's a collection of enormous TX-statesmen's busts built on the foundation of an old church,Yes!,Yes!
2022-06-03,Standup,"spiders eat by puncturing their prey's body, liquifying their insides and drinking through a straw-like appendage",Yes!,Yes!
2022-06-06,Sitdown,"Brian discovered dozens of people on the internet who have a fascination with early 90s Bridgestone mountain bikes, one of which he owns. ",Yes!,Yes!
2022-06-07,Standup,Houston will be very hot outside this weekend.,Not really :(,Yes!
2022-06-08,Standup,"Sweden used to plow roads for men (main roads only). When they switched to side roads, health of women/older people/children improved because they could more easily access hosptials.",Yes!,Yes!
2022-06-08,Sitdown,"capt. cook and king kamehameha were friends, but then one day kamehameha saw cook bleed and realized cook wasn’t a god and murdered him",Yes!,Yes!
2022-06-09,Standup,Carly and Jeff don't like cilantro,Not really :(,Yes!
2022-06-13,Standup,"the woman who invented children's libraries had a strong say in what was canonized as ""good"" children's lit, and she HATED Goodnight, Moon",Yes!,Yes!
2022-06-13,Standup,this is a crazy house https://www.palaisbulles.com/home.php,Yes!,Yes!
2022-06-14,Standup,LA has a law that allows renters to request electric charging stations at their apartment complex.,Yes!,Yes!
2022-06-14,Sitdown,Kelsey is going climbing today after a long hiatus due to a wrist energy and Covid,Yes!,Yes!
2022-06-16,Standup,Brian has a record that was rumored to be The Beatles under a new name after they had broken up,Yes!,Yes!
2022-06-17,Standup,the 4th season of Succession is definitely happening,Not really :(,Yes!
2022-06-20,Standup,there are 2000 unmarked graves under Denver's Chessman Park because the undertaker in charge of moving them got fired for misconduct in the middle of the job,Yes!,Yes!
2022-06-21,Sitdown,"to treat a staph infection, you get antibiotics in two forms: ointments and pills. you can clear the infection especially quickly if you put the ointment in your nose, where the staph infection resides",Not really :(,Yes!
2022-06-22,Standup,"some people on the internet claim you shouldn't drink water before/during eating a meal, because it will dilute your stomach acid and cause indigestion",Yes!,Yes!
2022-06-22,Sitdown,"Cory Feldman was in the original TMNT, but not the sequel",Not really :(,Yes!
2022-06-24,Standup,"the most valuable stamp is the ""inverted Jenny"". Worth ~$1.3million a piece, it is a stamp of a plane that was accidentally printed upside down",Yes!,Yes!
2022-06-27,Standup,"brian was worried when he found some catepillars in his parsley, because many are  harmful to plants and humans. but this one turned out to be a black swallowtail, harmless and a great pollinator",Yes!,Yes!
2022-06-28,Standup,brian got cast for orthotics yesterday,Yes!,Yes!
2022-06-28,Sitdown,hand-foot-and-mouth is spreading through june's classroom,Not really :(,Yes!
2022-06-29,Standup,Trump's code name was Mogul https://www.britannica.com/list/secret-service-code-names-of-11-us-presidents,Yes!,Yes!
2022-06-29,Sitdown,moles have a funny way of walking when above ground https://www.youtube.com/watch?v=PxijOzJM86k,Yes!,Yes!
2022-06-30,Standup,"July 1st, 4th, and 5th are Canadian, US, and Venezuelan Independence Days! ",Yes!,Yes!
2022-06-30,Sitdown,Emi interviewed at a company where everyone walked around the office barefoot,Yes!,Yes!
2022-07-01,Standup,Canada didn't gain its independence and have a constitution until 1982,Yes!,Yes!
2022-07-05,Standup,"the proud boys have started wearing buc-ees swag to their stuff, and bucee's doesn't abide",Yes!,Yes!
2022-07-05,Sitdown,compressing roller coaster loops helps reduce the Gs for riders and was made possible by metal tubes,Yes!,Yes!
2022-07-06,Standup,jeff now finds steve harvey funny,Yes!,Yes!
2022-07-08,Standup,"Taylor's friend's uncle named ""Sprite"" as part of a focus group",Yes!,Yes!
2022-07-11,Standup,the meat of totally free range chickens is tough because the chickens actually exercise and have muscles,Yes!,Yes!
2022-07-12,Standup,"in spain, they call the number 22 ""two ducks"" because the number 2 looks like a duck",Yes!,Yes!
2022-07-13,Standup,Emi bought her friend a Magic Puzzle - a puzzle with a surprise ending,Yes!,Yes!
2022-07-14,Standup,"the first ""old mill"" tunnel-style roller coaster ride was converted into a garfield ride and it was creepy",Yes!,Yes!
2022-07-14,Sitdown,"stars in images from the James Webb Telescope have 6 points, while stars in images from the Hubble Telescope have 4 points",Yes!,Yes!
2022-07-18,Standup,bluebonnets in other places are called Lupines; Lupines are still blooming at high altitudes; Lupines are named after wolves because because farmers thought both wolves and the poinsonous plants were killing their livestock,Yes!,Yes!
2022-07-18,Sitdown,"david did a coffee tour in el salvador, including a coffee ""cupping"", or tasting. Coffee is originally from Ethiopia and the best coffee grows at highest altitudes where the beans take longer to grow",Yes!,Yes!
2022-07-19,Sitdown,brian's favorite electrolyte powder stopped production in 2012 and he's been buying back stock this whole time,Yes!,Yes!
2022-07-21,Standup,A metaanalysis in Nature shows that SSRIs only improve depression via placebo - there's no link between serotonin and depression,Yes!,Yes!
2022-07-25,Sitdown,"the phrase ""the world is your oyster"" comes from the Shakespeare play ""The Merry Wives of Windsor""",Yes!,Yes!
2022-07-26,Standup,"""splooting"" refers to when animals lay on their bellies with their hind legs open flat behind them",Yes!,Yes!
2022-07-27,Standup,"Maywether Post was sick and went to a sanitarium, where he was under the care of WK Kellogg. Mr. Kellogg served a new food he'd invented called ""cereal"". Post thought he could improve on the bland ""cereal"", and invented Grape Nuts",Yes!,Yes!
2022-07-28,Sitdown,"there's a type of vulture that eats primarily bones. they eat them by flying high with the bones and dropping them on rocks. once, a vulture mistook a bald man's head as a rock, dropped a bone on it, and killed him ",Yes!,Yes!
2022-08-01,Standup,Jeff Richman is a producer,Yes!,Yes!
2022-08-01,Standup,one of brian's old colleague's dad was studied the light in rothko's studio to help inform renovations on the rothko chapel,Yes!,Yes!
2022-08-02,Standup,white rhinos travel in packs and their pack are called a crash,Yes!,Yes!
2022-08-02,Sitdown,"H&M stands for Hennes & Mauritz, maybe",Yes!,Not really :/
2022-08-03,Standup,Brian rediscovered his love of Jack Johnson unexpectedly,Not really :(,Yes!
2022-08-03,Sitdown,Brian would buy a $300 suit to attend the Met Gala,Yes!,Not really :/
2022-08-04,Standup,"shannon's friend Fiona finished 8th in the Transcontinental Race, riding 3000 miles across Europe in only 10 days!",Yes!,Yes!
2022-08-05,Standup,Jeff recommends listening to the recent podcast about Kansas. Opines about how it's misunderstood. Then proceeds to talk about how weird it is and how he doens't like it.,Yes!,Not really :/
2022-08-08,Standup,"the Texas hill country is home to two eclipses in the next year, including a total solar eclipses",Yes!,Yes!
2022-08-08,Sitdown,brian made a granola recipe from the restaurant eleven madison park,Yes!,Yes!
2022-08-09,Sitdown,Mar-a-Lago was built by Marjorie Merriweather Post,Yes!,Yes!
2022-08-11,Standup,Dave Matthews Band is not cool,Yes!,Not really :/
2022-08-15,Standup,shannon closes on her house today!,Yes!,Yes!
2022-08-15,Standup,child care providers that got financial assistance were more likely to remain open through covid,Yes!,Yes!
2022-08-16,Standup,"there is a historical phenomenon called in NJ called burroughitis that allowed communities to secede from townships into their own burrough. This would give the area more local representation in government, but had an unfortunate consequence of fracturing communities",Yes!,Yes!
2022-08-18,Standup,"brian's friend made their own bike. the bike got stolen, and they wanted the bike back so bad that they did their own investigative work, found the bike theft ring, and organized a raid with the police to retrieve the prized bike",Yes!,Yes!
2022-08-18,Sitdown,sleepytime tea looks like a thomas kincaid painting,Yes!,Not really :/
2022-08-22,Sitdown,"the word ""gamut"" comes from the medieval latin ""gamma ut"" meaning ""from gamma on up"",  with gamma being the lowest note on the medieval musical scale",Yes!,Yes!
2022-08-23,Sitdown,the google image for houston's acres homes neighborhoods is a govinda's,Not really :(,Yes!
2022-08-24,Standup,denver has a $1200 ebike credit,Yes!,Yes!
2022-08-29,Standup,"a gift for an expecting mother is called a ""push present""",Yes!,Yes!
2022-08-31,Standup,"when david got married, his and his wife's IDs said ""District of Columbia"" because they lived in Washington DC. The clerk in Galveston thought that meant the country of Colombia and almost didn't issue them a marriage license! ",Yes!,Yes!
2022-08-31,Sitdown,"Yesterday, a goose honked and pooped while maintaining eye contact with Emi",Yes!,Yes!
2022-09-06,Standup,a 6in pecan tree can have a root system that is 6ft deep,Yes!,Not really :/
2022-09-06,Sitdown,drivers in seattle actually yield to pedestrians in accordance with the law,Yes!,Yes!
2022-09-13,Standup,nearly 90% of the human population lives in the Northern Hemisphere,Yes!,Yes!
2022-09-13,Standup,"the 70-yr old man who lives in this house (https://www.google.com/maps/place/Newcastle+Dr+%26+Lafayette+St,+Bellaire,+TX+77401/@29.691428,-95.4510534,3a,75y,41.02h,86.12t/data=!3m6!1e1!3m4!1svII62F1BxVbkZE3JnACGjQ!2e0!7i16384!8i8192!4m5!3m4!1s0x8640c1c4870c0a99:0xa52815ea509dd00d!8m2!3d29.6914128!4d-95.4511129) is in court for not keeping a nice monoculture lawn",Yes!,Yes!
2022-09-14,Sitdown,"figs require lots of water and are good at getting water, meaning their roots can break through rock to access the water table. this makes them bad for urban landscaping",Yes!,Yes!
2022-09-15,Standup,"Philadelphia's Market St used to be called High St. It was renamed to highlight the esplanade, which provided public space for vendors to set up",Yes!,Yes!
2022-09-20,Standup,kelsey's first girlfriend's birthday is on thursday,Yes!,Yes!
2022-09-20,Sitdown,frieda kahlo had gold teeth and when she accepted an award she replaced them with fancy rose gold diamond encrusted ones,Yes!,Yes!
2022-09-26,Standup,"this weekend, kelsey cooked 13lbs of meat - braised short ribs, pulled pork, and grilled chicken",Yes!,Yes!
2022-09-27,Standup,"Boston Market (formerly Boston Chicken) invented the takehome rotisserie chicken, as an answer to women entering the workforce in greater numbers and needing easy family meals. Grocery stores then co-opted the concept",Yes!,Yes!
2022-09-27,Sitdown,Dr. John Snow studied the cholera outbreak in London and was the first to attribute cholera to public water sources,Yes!,Yes!
2022-09-28,Standup,pennsylvania is cute but filled with nazis,Yes!,Yes!
2022-10-05,Standup,carly and david were up at 3a last night,Not really :(,Yes!
2022-10-06,Standup,"In McLean, TX exists the Devil's Rope Museum, dedicated to barbed wire",Yes!,Yes!
2022-10-07,Standup,"of the 9-county Greater Houston region, Austin County had the highest turnout in the Mar 2022 election",Yes!,Yes!
2022-10-12,Standup,brian won tickets to Jungle Book 2 from a radio giveaway,Yes!,Yes!
2022-10-18,Sitdown,jeff's grandfather was a pitcher for the chattanooga minor league baseball team,Yes!,Yes!
2022-10-19,Standup,Brian has the same optometrist as Elton John,Yes!,Yes!
2022-10-19,Sitdown,SEE ROCK CITY - so says Brian.,Yes!,Not really :/
2022-10-20,Sitdown,Funklet is a cool site built by Vulfpeck that lets you looks and play drum macine sounds from famous songs.,Yes!,Yes!
2022-10-25,Sitdown,gerard is going to learn the electric guitar!,Yes!,Yes!
2022-10-27,Sitdown,"Kelsey watched a sketch with someone awkwardly sharing a ""fun fact"" that 44 people die every year from carnival rides",Yes!,Yes!
2022-10-31,Standup,gutting a pumpkin from the bottom and coating the cuts with vaseline makes a jack-o-lantern last longer,Yes!,Yes!
2022-11-02,Sitdown,the Back to the Future car was originally supposed to be a refrigerator,Yes!,Yes!
2022-11-03,Standup,last night was the second no hitter in world series history,Yes!,Yes!
2022-11-07,Standup,"In an effort to reduce household expenses, Kelsey set out to find a new butter to use in his recipes. The winner was Kalona!",Yes!,Yes!
2022-11-07,Sitdown,"Bad weather usually depressed voter turnout, but Dr. Bob Stein of Rice University found that early voting and mail-in voting reduces those impacts. Quotes in the NEW YORK TIMES",Not really :(,Yes!
2022-11-08,Standup,former Astro Gerrit Cole pitched for The New York Yankees against the Astros in the 2022 ALCS,Yes!,Yes!
2022-11-08,Sitdown,Protfolio Recovery Associates has filed 2 debt collectin lawsuits against Minnesotans.,Yes!,Yes!
2022-11-09,Standup,some people on the internet think you should soak your terra cotta pots before planting while others say you should not,Yes!,Yes!
2022-11-14,Standup,Quitaque is a town in Texas pronounced kitty-quay,Yes!,Yes!
2022-11-15,Sitdown,"Freakanomics is a joke, according to Brian and this podcast he listened to.",Not really :(,Yes!
2022-11-21,Standup,Qatar can be pronounced several ways,Yes!,Yes!
2022-11-22,Sitdown,"herbie hancock is a real person, but has not been in a movie with Lindsay Lohan",Yes!,Yes!
2022-11-28,Standup,there is a poisonous snail off the coast of Australia with a compound now used in cancer treatment,Yes!,Yes!
2022-11-28,Sitdown,Hawaii's Mauna Loa volcano is erupting,Yes!,Yes!
2022-11-29,Standup,there are protests among rivaling Iranian factions at the World Cup,Not really :(,Yes!
2022-12-01,Standup,"bae has several meanings: ""Before Anyone Else""; a shorthand for ""baby"" or ""babe""; danish for ""poop""",Yes!,Yes!
2022-12-02,Standup,Jeff thinks Gen Z is the worst one yet,Yes!,Yes!
2022-12-05,Standup,"Oxford Dictionary's word of the year is ""goblin mode"", meaning ""unapologetically self-indulgent, lazy, slovenly, or greedy, typically in a way that rejects social norms or expectations"". Jeff thinks this is related to the rise of TikTok, which is a conspiracy for mass mind control by the Soviets",Yes!,Yes!
2022-12-07,Standup,"Parks get funded through new development - so old neighborhoods with no new development have shitty parks, and gentrifying neighborhoods only get good parks when gentrification is done",Yes!,Yes!
2022-12-08,Standup,"every year, there's a wake for Texas songwriter Townes Van Zandt, and this year Brian is performing at their open mic",Yes!,Yes!
2022-12-08,Sitdown,"in the winter, the sun is at a lower angle that gives more penetrating light indoors - good for houseplants!",Yes!,Yes!
2022-12-09,Standup,"Argentina tricked Messi into playing for them at age 17. If you put on the country's jersey and they sell tickets, you have to play for them forever.",Yes!,Yes!
2022-12-12,Standup,Kelsey thinks he saw a client at a sports bar watching the world cup,Yes!,Yes!
2022-12-14,Sitdown,there are as many species of ladybugs as there are species of mammals,Yes!,Yes!
2022-12-19,Standup,brian was on the news eating a cookie at the Cookies and Caroling event to collect signatures to designate White Oak Bayou as a park to prevent expansion of I-45,Yes!,Yes!
2023-01-04,Standup,"""Pitchers and Catchers"" refers to early spring training in baseball - players who arrive before the rest of the team. Originally this early group was mostly comprised of pitchers and catchers, because the long pitcher roster needed to be winnowed. These days, players of all positions arrive to spring training early, but the term ""Pitchers and Catchers"" has stuck",Yes!,Yes!
2023-01-05,Sitdown,"Taylor just found out that a Boy Named Sue was Shel Silverstein, not Johnny Cash",Yes!,Yes!
2023-01-06,Standup,"today is King's Day, where you eat cake laden with little figurines",Yes!,Yes!
2023-01-11,Standup,"if you put the geologic timescale on a calendar year, humans only appeared in the countdown on NYE",Yes!,Yes!
2023-01-11,Sitdown,"In Texas, we are getting money for open courts data because of a seemingly unrelated historic evernt: the Sutherland Springs Shooting. The man who killed 26 people in the Sutherland Springs Shooting should not have been able to buy firearms - but a lack of criminal data transparency meant his criminal record wasn't received by the FBI to prohibit firearm purchase",Yes!,Yes!
2023-01-12,Sitdown,"in geology, relative dating is when you compare whether one rock is older than another. Several principles are used in relative dating: lower layers are older than layers above, intruding pieces are younger than the intruded area, and the same laws of physics acted on in historic times as today.",Yes!,Yes!
2023-01-17,Sitdown,"in the plains between the two major North American igneous rock formations (the Appalachian and Rocky Mountain ranges), is sedimentary rock that sloughed off the igneous rock. Igenous rock lies below sedimentary rock, formed by pressure and time.",Yes!,Yes!
2023-01-18,Standup,American author John McPhee wrote a whole book about oranges,Yes!,Yes!
2023-01-20,Standup,lunar new year is sunday,Yes!,Yes!
2023-01-25,Standup,the turkey leg hut is being sued by their grocery vendor for $1.3million.,Yes!,Yes!
2023-01-25,Sitdown,"Photos in the old west are really clear and have a unique look because they used medium format cameras, meaning the film was really large (e.g., 7cm vs standard 35mm) and could capture more light and detail",Yes!,Yes!
2023-01-26,Standup,utah is the beehive state,Yes!,Yes!
2023-01-26,Standup,"The Brian Index combines survey information across 7 protective factors (e.g., time with friends, feeling safe, etc) to give an aggregate view of an individual's or group's feeling of security",Yes!,Yes!
2023-01-27,Standup,"mattress mac is on the verge of being canceled on multiple fronts, e.g., Lina Hidalgo hate, cocaine smuggling, exploiting child labor",Yes!,Yes!
2023-01-30,Standup,"Effie can now read and write, but her spelling remains poor",Yes!,Yes!
2023-01-30,Sitdown,"since our company-wide apple blind taste testing experience, carly has noticed that her favorite apple (envy) tastes a lot like a pear. before the blind taste test, she had never drawn that comparison",Yes!,Yes!
2023-02-01,Standup,"in the Great Basin of Wyoming, the water doesn't drain to the ocean. It just stays there.",Yes!,Yes!
2023-02-02,Standup,a millionaire is responsible for our short bathroom stall doors because he didn't like the ones that touched the floor,Yes!,Yes!
2023-02-06,Standup,"pre-electricity, people got big blocks of ice delivered and put it in a box with food to keep it from spoiling",Yes!,Yes!
2023-02-07,Sitdown,kettle chips are comparable to traditional potato chips in terms of price and nutrition,Yes!,Yes!
2023-02-08,Standup,"in 5th grade, Jeff had an obese teacher who would sit on misbehaving students",Yes!,Yes!
2023-02-09,Standup,microphone patterns refer to the spatial area around a microphone that the microphone picks up most acutely,Yes!,Yes!
2023-02-09,Sitdown,Gerard was a voice actor for a Castilian Spanish language learning podcast (https://www.pimsleur.com/learn-spanish-spain-castilian/subscription-all-access),Yes!,Yes!
2023-02-14,Sitdown,"today (Feb 14) is Arizona's statehood day, Valentine's day, David's dad's birthday, and Kelsey's friends' birthday.",Yes!,Yes!
2023-02-16,Sitdown,"in 2009, a boy was suspected to be in a balloon floating aimlessly through the air, but actually he was safe at home all along",Yes!,Yes!
2023-02-20,Sitdown,volcanic ash is the most fertile soil,Yes!,Yes!
2023-02-21,Standup,"brian saw monarch butterflies prepping for migration in michcan, mexico",Yes!,Yes!
2023-02-21,Sitdown,"today is mardi gras/fat tuesday/paczki day; russian dressing is not the same as, but very similar to, thousand island dressing",Yes!,Yes!
2023-02-23,Standup,"William & Mary, where both David McClendon and John Stewart attended, is the second oldest university in the US",Yes!,Yes!
2023-02-23,Sitdown,"There was once a room made completely of amber, which used to be more expensive than gold, that disappeared during World War 2. They think the Nazis took it but no one knows where it went.",Yes!,Yes!
2023-02-27,Standup,Divia has also had a blind apple taste testing  experience with her friends,Yes!,Yes!
2023-02-28,Standup,"In 5th grade, Jeff's music teacher (Squeek Steele: https://www.facebook.com/SqueekyKeys/) took a year off to set a guiness world record - most continuous songs on a piano without missing a note",Yes!,Yes!
2023-02-28,Sitdown,"Kelsey's friend had a baby, and they organized a meal train. This was a new concept to Kelsey, but no one else.",Yes!,Yes!
2023-03-01,Standup,"Trash is Jeff's thing - he is last out, first in",Yes!,Yes!
2023-03-02,Standup,"In English, names for the meat you eat comes from French (beef, veal, mutton), while the names for the animals come from German (cow, sheep, deer). Because French people ate the food, but German people raised the food",Yes!,Yes!
2023-03-02,Sitdown,"eviction rates in Harris County declined during the pandemic, but are now higher than historic rates",Not really :(,Yes!
2023-03-03,Standup,jeff has never been to whataburger,Yes!,Yes!
2023-03-06,Standup,"among JA staff enthusiasm for fruits and vegetables, apples are a 10/10, bananas are a 6/10, radishes are a 2/10 and watermelon radishes are a 5/10",Yes!,Not really :/
2023-03-07,Standup,the concept of time zones in the US was implemented by the Railroad Service,Yes!,Yes!
2023-03-07,Sitdown,"Effie has her first loose tooth! It's a bottom front one - the first one that came in. Commonly, the first teeth to emerge are the first ones to fall out.",Yes!,Yes!
2023-03-09,Standup,today is carly's childhood best friend's brithday; next tuesday is pi day; next wednesday is the ides of march; next friday is st. patty's day,Yes!,Yes!
2023-03-10,Standup,"Matthew Desmond (author of Evicted) wrote a book claiming that the poverty rate hasn't changed much in the last 100 years. Many people are questioning this claim, and Twitter has had lots of discussion about the methodology and various complications that make this hard to measure",Yes!,Yes!
2023-03-13,Standup,"in the 1950's, Pablo Escobar brought hippos from Africa to Colombia and the population has established since he died, causing an ecological disaster",Yes!,Yes!
2023-03-13,Sitdown,"when brian was flying back from LA, many people from his flight were returning from an AFI concert",Yes!,Yes!
2023-03-14,Standup,"at Brian's high school, someone dubbed over Rebecca Black's ""Friday"" with the lyrics ""Pi-day""",Yes!,Yes!
2023-03-15,Standup,hot dish is a casserole dish from Minnesota that is often topped with tater tots,Yes!,Yes!
2023-03-16,Standup,"there's a 40% chance of rain today, but the actual meaning of that number is really confusing",Yes!,Yes!
2023-03-16,Sitdown,vommat is an oversized paper towel to puke on https://vommat.com/,Not really :(,Yes!
2023-03-17,Standup,"st. patrick's day marks the anniversay of the death of St. Patrick, who drove the snakes out of Ireland",Yes!,Yes!
2023-03-20,Standup,david got stung by a sting ray!,Yes!,Yes!
2023-03-27,Sitdown,"David stumbled across a street parade in New Orleans, celebrating Italian and Irish people. Italian and Irish immigrants settled in the at the time underdeveloped French Quarter of New Orleans when they weren't welcomed other places",Yes!,Yes!
2023-03-28,Standup,"Billy Joel’s career was basically created in Philadelphia from his performance of “Captain Jack” at Sigma Sound Studios, broadcast on WMMR and played repeatedly",Yes!,Yes!
2023-04-03,Standup,shred your checks,Yes!,Yes!
2023-04-04,Standup,David's friend from Galveston (Tina) is going to the MOON,Yes!,Yes!
2023-04-05,Sitdown,"there are three main types of compost: anaerobic, aerobic, and vermiculture. In anaerobic, you put all the compost in a pile and bacteria heats it up and degrade it. In aerobic compsoting, you turn the soil, introducing aeration. In vermiculture, worms live in the compost and aerate and degrade it",Yes!,Yes!
2023-04-06,Sitdown,this is our last sitdown!!,Yes!,Yes!
2023-04-07,Standup,tomorrow is carly's birthday!,Yes!,Yes!
2023-04-17,Standup,"Brian went camping at Meridian State Park, named for its position on the 100th meridian",Yes!,Yes!
2023-04-18,Standup,the Minnesota State Fair has bottomless milk for $2,Yes!,Yes!
2023-04-26,Standup,"Jeff's grandfather's sister was the first female dental student in Pennsylvania. But, upon graduating, she wasn't able to get a job in most states because of misogyny. She ended up in Montana, the only state where she could get a job.",Yes!,Yes!
2023-05-01,Standup,Willie Nelson turned 90 years old this weekend,Yes!,Yes!
2023-05-03,Standup,"pillsbury owns the rights to the phrase ""bakeoff"", which is why the Great British Bakeoff is called the Great British Baking Show in the US",Yes!,Yes!
2023-05-05,Standup,there is a species of lemurs that eats millipedes for medicinal and psychedelic purposes,Yes!,Yes!
2023-05-08,Standup,"the makers of idiocracy had the characters wear ludicrous shoes to demonstrate how stupid and sad the world was. they worried the shoes were too ludicrous to be believable as an actual shoe people would ever wear, in any circumstances. the shoes were crocs",Yes!,Yes!
2023-05-09,Standup,"jerry springer was the mayor of Cincinatti. he once filed a government check at a ""massage parlor"", but the public forgave him",Yes!,Yes!
2023-05-10,Standup,jeff just began composting; smith just achieved hot compost; brian composted 278lbs over the last 18 months,Yes!,Yes!
2023-05-11,Standup,the song midnight train to georgia was originally midnight plane to houston!,Yes!,Yes!
2023-05-12,Standup,a stranger gave gerard 2 car tires for free,Yes!,Yes!
2023-05-17,Standup,this week is the 10 year anniversary of a daft punk album and brian's hs graduation,Yes!,Yes!
2023-05-18,Standup,brian's AC is broken and it's 90F in his home,Yes!,Yes!
2023-05-23,Standup,"Smith changed a tire for the first time in her life yesterday, and was critiqued the whole time by her neighbor Ashley",Yes!,Yes!
2023-05-24,Standup,"there is an infestation of ""by the wind sailors"" (a type of jellyfish) near Jessie's home in central CA",Yes!,Yes!
2023-05-25,Standup,Carly and Divia have the same glasses,Yes!,Yes!
2023-05-31,Standup,all of the cherries are twin now (2 pits) because of heat stress. there is also a grape shortage,Yes!,Yes!
2023-06-01,Standup,"there is an industry called ""book packaging"" where publishers outsource their ideas to a ""book packager"" who then makes the book and sells it back to the publisher. This is common in YA series.",Yes!,Yes!
2023-06-08,Standup,"Cali Sandwich Shop changed the way they make their salt and pepper tofu, for the worse. but you can still get it made the old way if you ask",Yes!,Yes!
2023-06-12,Standup,"The names for various peony varieties are funny - Rachel, Lord Kitchener, Welcome Guess, Mrs. FDR, Solange",Yes!,Yes!
2023-06-14,Standup,"today is flag day, which marks the birthday of the stars and stripes.",Yes!,Yes!
2023-06-15,Standup,Divia's friends are taking over her lease and taking her furniture and her car and met all her friends,Yes!,Yes!
2023-06-16,Standup,"Guadalupe has different pronunciations for different contexts: guada-loop for the street, and guada-loo-pay for everything else",Yes!,Yes!
2023-06-22,Standup,"a group of women in San Francisco just broke the 100x1mi relay record, running an average mile time of 5:35. The runners ages ranged from 13 to 63",Yes!,Yes!
2023-06-27,Standup,Smith finished the Soprano's for the first time on this day 3 years ago today,Yes!,Yes!
2023-06-28,Standup,"Jeff is enjoying Merpeople, a Netflix series about a subculture of people who dress and act like mermaids",Yes!,Yes!
2023-06-29,Standup,Jeff joined a gym for the first time in 10 years.,Yes!,Yes!
2023-07-06,Standup,"carly like to sleep on cold, crisp, tight sheets with earplugs and a face mask",Yes!,Yes!
2023-07-07,Standup,david's friend made this tool to track NYT news stories by topic https://tmcw-big_story_visualization.express.val.run/,Yes!,Yes!
2023-07-11,Standup,MA has 14 counties but only 6 have governments. 8 were dissolved in the 1990s.,Yes!,Yes!
2023-07-17,Standup,"Nikolai Tesla was in Telluride when he was figuring out electricity. He ripped off a local investor at a bank, and then Butch Cassidy robbed the bank, his first robbery.",Yes!,Yes!
2023-07-18,Standup,"the Madonna song ""Justify My Love"" was written by Lenny Kravitz. Lenny cowrote the song with a female poet, but didn't give her songwriting credit because then Lenny's wife would suspect him of cheating (which he probably was)",Yes!,Yes!
2023-07-20,Standup,"Lexington, MA has the zip code 01776, because they erroneously claim to be the birthplace of America",Yes!,Yes!
2023-07-21,Standup,"3 pairs of toads were mating in carly's parents' pool, and shannon gave counsel on how to rescue the toads. unfortunately, the pool boy got to them first",Yes!,Yes!
2023-07-24,Standup,"In high school, David's dream car was a 1985 Volvo. That is Smith's current dream car.",Yes!,Yes!
2023-07-25,Standup,"according to a buzzfeed quiz that characterizes you as a pasta: Carly and Jeff are rigatoni, Smith and Kelsey are linguini, Divia is penne, and Shannon is tortelini",Yes!,Yes!
2023-07-31,Standup,a tesla can drive 1 mile with an iPhone 5's level of charge,Yes!,Yes!
2023-08-08,Standup,sturgeons bladders were used to make condoms in the Civil War,Yes!,Yes!
2023-08-09,Standup,Colgate puts fake sugar and plastic in their toothpaste,Yes!,Yes!
2023-08-15,Standup,Once as a child Divia and her family flew to India and the barf bag in her brother's seat had barf in it,Yes!,Not really :/
2023-08-17,Standup,"after over a decade in Texas, David has never seen an armadillo, but Gerard saw one after only 72 hours in Texas.",Yes!,Yes!
2023-08-18,Standup,all vegetables are brassicas (https://www.paveggies.org/what-are-brassicas-exactly/),Yes!,Yes!
2023-08-23,Standup,the same producer made graceland an a nine inch nails album,Yes!,Yes!
2023-08-24,Standup,Gerard started learning Italian,Yes!,Yes!
2023-08-28,Standup,"leaving the seeds in a tomato sauce makes the sauce more acidic. BUT, boiling off the natural tomato water and adding spring water mellows it out",Yes!,Yes!
2023-09-05,Standup,"Fredericksburg, TX is over 50% AirBnBs now",Yes!,Yes!
2023-09-07,Standup,a man who studied pirates went to somalia to learn more about pirates and then got abducted by pirates,Yes!,Yes!
2023-09-11,Standup,you can control pool features internationally via an app,Yes!,Yes!
2023-09-15,Standup,"Divia has an exclusive hoody that she had to make an appointment months in advance in Leadville, CO to buy",Yes!,Yes!
2023-09-21,Standup,the highest paid person working at the houston shipping channel is the person who parks the barges,Yes!,Yes!
2023-09-25,Standup,Apple picking usually involves apple cider and apple cider doughnuts,Yes!,Yes!
2023-09-28,Standup,Shannon's dad won a 5k yesterday!,Yes!,Yes!
2023-10-02,Standup,"Arkansas and Kansas are pronounced differently because they have different etymologies. Arkansas was named for the French plural of a Native American tribe, while Kansas is the English spelling of a similarly named tribe.",Yes!,Yes!
2023-10-04,Standup,"Gobo/burdock is a root commonly eaten in Japan, but not Europe. In war, Japanese fed it to Europeans POWs. Even though it was a commonly eaten food, because it was unfamiliar to the Europeans, the practice was submitted as terrorism",Yes!,Yes!
2023-10-05,Standup,almonds and peaches are so genetically similar that they can be crossed to make a peach-almond hybrid,Yes!,Yes!
2023-10-10,Standup,"Albuquerque hosts the world's largest hot air balloon festival. ABQ is ideal for ballooning because of the ""Albuquerque Box"" - a meterological phenomenon by which low air moves southerly and high air moves northerly. This enables hot air balloons to land close to where they take off, relatively easily",Yes!,Yes!
2023-10-12,Standup,Jessi is participating in a group challenge to decode the Vesuvius Scroll - an ancient text charred (https://scrollprize.org/) in a volcanic eruption ,Yes!,Yes!
2023-10-13,Standup,Shannon's parents live in a small town in west Texas that lies in the band of totality for two eclipses this year,Yes!,Yes!
2023-10-17,Standup,"A primary cycling race/measure is to ride as far as possible in one hour on a track. Nowadays, bikes are way faster and original records are long shattered. However, to pay homage to the history of cycling, many purist cyclists make the attempt it on the same bike ",Yes!,Yes!
2023-10-18,Standup,"if you ask high school students how much money their parents make, they wildly overestimate it",Yes!,Yes!
2023-10-20,Standup,The fun fact ledger confirmed that June is not developmentally behind with regard to potty training,Yes!,Yes!
2023-10-23,Standup,"Divia learned who Rumplestiltskin was this weekend, and also learned that there were different renditions of Rumplestiltskin around the globe. One is named Utseygutsey",Yes!,Yes!
2023-10-24,Standup,"In Fort Bend County, TX, after slavery was abolished, they used a convict workaround, whereby able-bodied mostly Black men were falsely imprisoned and essentially worked as slaves in the field. Nowadays, those prison slaves are buried in Fort Bend and there are regulations on development on top of the burial ground. Unfortunately, these regulations are ignored and Fort Bend continues to be developed without proper care to avoid these burial grounds.",Not really :(,Yes!
2023-10-25,Standup,"the word ""milquetoast"" is only 100 years old and was coined from a comic where that was the fictional character's last name",Yes!,Yes!
2023-10-26,Standup,"in 2022, Fat Bear Week had widespread voter fraud",Yes!,Yes!
2023-10-31,Standup,This is Smith's time being the stand-app recorder,Yes!,Yes!
2023-11-01,Standup,"June gave her used licked lollipop to a trick-or-treater, accidentally",Yes!,Yes!
2023-11-02,Standup,"Brian's college friend Mark is the creator of the yoga emoji, and hosts the podcast Bird Note",Yes!,Yes!
2023-11-03,Standup,The Beatles have a new song,Yes!,Yes!
2023-11-06,Standup,"Jeff likes David Sedaris, but could only stand to watch his in person show for 24 minutes.",Yes!,Yes!
2023-11-08,Standup,"There's a cat in Brian's backyard, attracted to the catnip plant",Yes!,Yes!
2023-11-28,Standup,"Brian, a seasoned bread-maker, made a dud loaf in SF because of the difference in climate! ",Yes!,Not really :/
2023-11-29,Standup,the standup order went in the order people were on Shannon's zoom screen,Yes!,Yes!
2023-11-30,Standup,there is an Applebee's in San Francisco and it is one of the northernmost restaurants in the city,Yes!,Yes!
2023-12-06,Standup,Precocious puberty is a hereditary disease where people (mostly men) undergo puberty at early age. One man underwent puberty at age 1,Yes!,Yes!
2023-12-07,Standup,"Steve Irwin and Charles Darwin had the same pet tortoise, named Harriet",Yes!,Yes!
2023-12-08,Standup,Matt Damon grew up next to Howard Zinn,Yes!,Yes!
2023-12-11,Standup,You shouldn't put a hamster wheel in a guinea pig cage or it will break its back,Yes!,Yes!
2023-12-12,Standup,"almost all citrus we get in the store are hybrids of 3 root varieties: citron, mandarin, and pumelo.",Yes!,Yes!
2023-12-13,Standup,there is a leak on Jeff's block that has been marked with 2 different colored flags,Yes!,Yes!
2023-12-15,Standup,the fastest speed a raccoon can go is 16mph,Yes!,Yes!
2024-01-03,Standup,David did a polar plunge in Minneapolis on New Years Day,Yes!,Yes!
2024-01-04,Standup,A blue whale in Bermuda can hear the calls of a blue whale in the North Sea,Yes!,Yes!
2024-01-09,Standup,"if you use search term ""ice"" on an emoji search, the police emojis are suggested",Yes!,Yes!
2024-01-10,Standup,David Foster (M74) has a 2-year old son with current wife Katharine McPhee (F39) who is very good at the drums,Yes!,Yes!
2024-01-17,Standup,pouring boiling water on a frozen windshield might break the windshield,Yes!,Yes!
2024-01-22,Standup,David and Julia volunteered with Baker Ripley to help people complete their naturalization paperwork,Yes!,Yes!
2024-01-23,Standup,"Divia watched a documentary about Reality Winner, a Texas woman who leaked information on Russian Intelligence interfering with the 2016 US elections ",Yes!,Yes!
2024-01-24,Standup,"Alligators are in Texas, news to Jessie",Yes!,Yes!
2024-01-26,Standup,Wage garnishment is banned in texas! go Texas. ,Yes!,Yes!
2024-02-06,Standup,Babies can understand and react to language long before they can speak it,Yes!,Yes!
2024-02-07,Standup,"when you remove all of the vowels from a word, it's called disemvowelment (dsmvwlmnt)",Yes!,Yes!
2024-02-08,Standup,the founder of uber used to be the top ranked Wii Tennis player in the world,Yes!,Yes!
2024-02-12,Standup,Girl Scout cookies were first made by an entreprenureal troop in Philadelphia. It was years before the cookies were adopted nationally.,Yes!,Yes!
2024-02-13,Standup,"Novels as an art form are quite new (dating to about the 18th century), but there is some debate as to what is the first novel. The invention of the printing press enabled the novel by two mechanisms: allowing longer form text to be printed and increasing literacy rates ",Yes!,Yes!
2024-02-19,Standup,"effie normally has a hard time sleeping, but has put herself to sleep three nights in a row by reading the kindle",Yes!,Yes!
2024-02-20,Standup,"In the early 1900's, people visiting Florida would bring baby alligators home as pets. Many of them ended up in Richmond, VA where they are commemorated by a collection of alligator statues",Yes!,Yes!
2024-02-21,Standup,Whole Foods rebranded sumo citrus to dekopon. It's unclear why. Potentially sumo citrus is a problematic name.,Yes!,Yes!
2024-02-26,Standup,"the best animated feature category of the oscars was created for Shrek; there are 6 Shrek movies; there are 14 Shrek videogames; Shrek is Mike Myers biggest franchise; Shrek didn't make Counting Crows famous, but he prolonged their relevance; animators at Dreamworks that weren't doing a good job for the movie The Prince of Egypt go relegated to Shrek, a demotion called ""getting shreked""; Shrek came out in the same year as the movie Harry Potter and the Sorceror's Stone; ",Yes!,Yes!
2024-02-27,Standup,"if your birthday is on leapday, legally you turn a new age on March 1",Yes!,Yes!
2024-02-28,Standup,"""Yinz"" is a slang 2nd person plural pronoun from Scotch-Irish origin that is a derivative of ""you ones"". The phrase is moderately popular in Pittsburgh, PA.",Yes!,Yes!
2024-03-04,Standup,german chocolate was originally german's chocolate cake. it's an American invention by a baker named Sam German,Yes!,Yes!
2024-03-05,Standup,Modern daylight savings time has only been around since 1975,Yes!,Yes!
2024-03-06,Standup,"San Francisco used have 5miles of sand dunes on the coast, so most of San Francisco is built on sand. There's also an aquifer under San Francisco.",Yes!,Yes!
2024-03-07,Standup,The world's oldest cat ever live was named Creme Puff and lived to 38 years old. His diet included coffee with cream and red wine,Yes!,Yes!
2024-03-13,Standup,"there's a difficulty rating system for climbing routes that combines difficulty and scariness. The scariness element is derived from movie rating (e.g., PG13, R)",Yes!,Yes!
2024-03-14,Standup,"someone from Brian's high school parodied ""Friday"" by Rebecca Black to be about Pi-Day; next year, Pi-Day will be on a Friday, and there will be a total lunar eclipse on that day; also, Divia sneezed 73 times yesterday. ",Yes!,Yes!
2024-03-21,Standup,Pilates was invented by Joe Pilates; there is a German game show where contestants attempt to cut things perfectly in half,Yes!,Yes!
2024-03-22,Standup,"if you don't have a middle name, and a form require you to provide a middle name, you can fill in ""NMN"", for ""no middle name""",Yes!,Yes!
2024-03-25,Standup,Katie's cat has diabetes,Not really :(,Yes!
2024-03-26,Standup,"Analogous terms for an ""Average Joe"" in other language are ""Max Musterman"", ""John with the hat"", ""Joe Soap""",Yes!,Yes!
2024-04-03,Standup,Shannon ran a relay race from LA to LV. The team ran 341.2mi in 48h11min and Shannon's contribution was 40mi in 5h 40min,Yes!,Yes!
2024-04-04,Standup,giraffes are 30x more likely to get hit by lightning than humans,Yes!,Yes!
2024-04-05,Standup,"The state of New Mexico outlawed the sale of single serving alcohol at gas stations, so now all the gas stations sell the double shot serving size.",Yes!,Yes!
2024-04-10,Standup,"the first human documentation of a solar eclipse occurred in 3000 BC, depicted on a petroglyph",Yes!,Yes!
2024-04-11,Standup,Jeff had a cherimoya last night,Yes!,Yes!
2024-04-22,Standup,Albert Brooks' real name is Albert Einstein,Yes!,Yes!
2024-04-24,Standup,today is Simon's mom's birthday,Yes!,Yes!
2024-04-25,Standup,pine nuts come from pine cones which come from pine trees.,Yes!,Yes!
2024-04-29,Standup,"Divia's friend's dad is a pigeon roller, meaning he selectively breeds pigeons to be more round and seizure prone so they roll and flop instead of fly",Yes!,Yes!
2024-04-30,Standup,"Brian has been to the location that inspired the Jimmy Buffett hit ""Cheeseburger in Paradise""",Yes!,Yes!
2024-05-06,Standup,"from the mid-1970's to the mid-1990's the US government subsidized the cheese industry by purchasing and storing a bunch of cheese. Once this caused a catastrophe in Madison, WI when one of the storage facilities leaked, causing a massive butter flood. This is one of the few non-water floods in American history",Yes!,Yes!
2024-05-07,Standup,"disaster response is a cycle with four parts: mitigation, readiness, response, and recovery",Yes!,Yes!
2024-05-13,Standup,"Yesterday, Jeff found a pair of black belly whistling ducks bathing in the gutter by his house",Yes!,Yes!
2024-05-14,Standup,The City of Houston is selling part of Buffalo Bayou to TxDOT,Not really :(,Yes!
2024-05-21,Standup,brian's birthday is on sunday,Yes!,Yes!
2024-05-23,Standup,"At one point, Rice Endowment owned the New York Yankee stadium",Yes!,Yes!
2024-05-28,Standup,soil erosion in coastal california jeopardizes breeding salmon populations,Yes!,Yes!
2024-05-30,Standup,Jeff has had two meetings with two different Jeffs today,Yes!,Yes!
2024-06-04,Standup,Divia's boyfriend's family used to write for the underground newspaper in Houston called Space City Newspaper,Yes!,Yes!
2024-06-06,Standup,Texas A&M students made jalepenos less spicy - this less spicy more flavorful variety is becoming the dominant variety in the US,Yes!,Yes!
2024-06-07,Standup,"when shannon runs in the summer, she gets so sweaty that her hands prune for long periods and then the skin flakes and peels off when she gets home ",Yes!,Yes!
2024-06-10,Standup,Brian was weeding a farm this weekend and the weeds were edible so he ate them for dinner.,Yes!,Yes!
2024-06-12,Standup,"the holes on the front of the screen of a microwave are smaller than the amplitude of a microwave, so the screen blocks microwaves from leaving the microwave",Yes!,Yes!
2024-06-24,Standup,June gave herself a haircut,Yes!,Yes!
2024-06-26,Standup,"Houston Mayor John Whitmire (M98) called Harris County Judge Lina Hidalgo's (F31) fiance a nerd, publicly, on Facebook",Yes!,Yes!
2024-06-28,Standup,"The Phillies had a 1-3-5 triple play yesterday. One of few triple plays of the season, and the first 1-3-5 triple play since 1925",Yes!,Yes!
2024-07-02,Standup,an AI-designed handbag shaped like a horse has sparked controversy (https://www.theverge.com/2024/6/26/24186635/baggu-collina-strada-collaboration-ai-purses-art) ,Yes!,Yes!
2024-07-03,Standup,"In case of shark attacks, you should put pressure on the upper thigh where the artery is rather than tourniquet at the wound site",Yes!,Yes!
2024-07-10,Standup,"Centerpoint's outage map went out a few months ago and they didn't fix it for hurricane season, so people were using the Whataburger app as a proxy to figure out where there were outages. ",Yes!,Yes!
2024-07-25,Standup,"to ""glissade"" is to slide down a snowy mountain without a sled, skis, or snowboard. ""Glissade"" is French for ""slide""",Yes!,Yes!
2024-07-30,Standup,"The state of Delaware has a lot to offer including Rehoboth Beach, Dogfish Head Brewery, and being on the way to North Carolina.",Yes!,Yes!
2024-08-01,Standup,Brian's family bought a 2003 Honda Odyssey that had 600k miles on it and was on it's 7th transmission. The previous owner's job was to drive the wide load sign behind trucks.,Yes!,Yes!
2024-08-05,Standup,"Minneapolis is names for the word ""minne"" meaning water and ""polis"" meaning city",Yes!,Yes!
2024-08-06,Standup,it's rare for possums to get rabies because their low body temperature makes it difficult for the virus to survive,Yes!,Yes!
2024-08-15,Standup,"the havertown wawa is buzzin' at 8am. full of philadelphian's greeting one another, eating hoagies. ",Yes!,Not really :/
2024-08-20,Standup,"Jeff had breakfast with a vet scientist in shelter medicine who is also his friend from high school. His friend thinks that we should not have pets (Sorry to Hank, Calvin, Cora, Ernie, Maya, Hyla, Penny, Lucy)",Not really :(,Yes!
2024-08-21,Standup,there are lots of apple trees in people's yards in Minnesota,Yes!,Yes!
2024-08-23,Standup,water with some minimal mineral content is best for coffee and tea,Yes!,Yes!
2024-08-26,Standup,looms used in textile machinery helped to vastly improve the efficiency of counting the census ,Yes!,Yes!
2024-08-27,Standup,"all of the music in the Sims is recorded by the actual Earth artist, singing in Simlish",Yes!,Yes!
2024-08-29,Standup,"The Mall of America is the largest mall in the US and North America, but only the 12th largest mall in the world. The Mall of America has over 500 stores and is 5.6million sqft. The world's largest mall is in Tehran, Iran. It boasts 2500 stores across its 21million square foot footprint",Yes!,Yes!
2024-09-05,Standup,"astrologically, this is the end of the era of unfettered capitalism",Yes!,Yes!
2024-09-09,Standup,"The Philadelphia 76ers are trying to build a new arena near Chinatown. This is upsetting for locals, but being pushed by politicians who don't want the stadium to be across the river in New Jersey",Yes!,Yes!
2024-09-11,Standup,Brian met a legacy ceramacist who is trying to get a historical preservation designation on tiles he makes for New Orleans streets,Yes!,Yes!
2024-09-12,Standup,Shannon has run at least 2 miles every day for the last 2 years,Yes!,Yes!
2024-09-16,Standup,There's an apple vending machine on Cornell's campus that showcases all of the local varietals.,Yes!,Yes!
2024-09-18,Standup,Connecticutt has new counties,Yes!,Yes!
2024-09-19,Standup,jeff watched a video about how easy furniture flipping is. the video showed that it was not easy.,Not really :(,Yes!
2024-09-23,Standup,"David went to a 3.5h play about the Lehman Brothers. The play focused on their early lives as immigrants in America, and ignored the stage of their lives in which they willfully ruined the lives of millions of Americans.",Yes!,Yes!
2024-09-25,Standup,"it's challenging to mic a horse, so when horse races are broadcast on the radio, they have humans act out the horses. One person jumps up and down and another person makes huffing noises.",Yes!,Yes!
2024-09-26,Standup,"Ol' Rip is a texas horned lizard who was entombed to force hibernation for 31 years. He lived through the hibernation and went on to become a cultural icon, even serving a pivotal role in the 1928 Democratic National Convention ",Yes!,Yes!
2024-09-30,Standup,"fried oysters and chicken salad is a popular lunch combo in Philadelphia. The combo originated because chicken was expensive but oysters were cheap, so they used oysters to pad the meal ",Yes!,Yes!
2024-10-01,Standup,"today is the hottest day on record in SF for the last five years, at a high of 89",Yes!,Yes!
2024-10-02,Standup,"Katie's dog finds, picks, and eats ripe pears off their pear tree",Yes!,Yes!
2024-10-03,Standup,"After the Beatles broke up, many people thought they continued recording under other pseudonyms, including one band based in Rhode Island.",Yes!,Yes!
2024-10-07,Standup,Today is Phil's 7th wedding anniversary,Yes!,Yes!
2024-10-08,Standup,today is shannon's birthday! it is one of only 9 dates in the year with two vowel-starting words (October Eighth),Yes!,Yes!
2024-10-09,Standup,"Brian is starting a journey to run every street in San Francisco and has noticed some thematically named streets, e.g., all tree types, all state names, all city names.",Yes!,Yes!
2024-10-15,Standup,Shannon and Tony got engaged on the summit of Gray's Peak in Colorado this weekend,Yes!,Yes!
2024-10-18,Standup,"Katie got a standing desk today and Kelsey and I have the same standing desk mat, which we recommend to Katie. ",Yes!,Yes!
2024-10-24,Standup,"""Piglet"" was only coined as a term for a young pig in the 1800's. Before that, they were referred to as hoglings, porkettes, hogbabes, or gruntlings",Yes!,Yes!
2024-10-31,Standup,Robinhood is now part of the betting markets for the presidential election,Not really :(,Yes!
2024-11-04,Standup,"there is a city and a town of Ithaca, and they are separate entities. The City of Ithaca is the donut hole of the Town of Ithaca donut.",Yes!,Yes!
2024-11-07,Standup,there is no definitive open faced sandwich.,Yes!,Yes!
2024-11-13,Standup,"On a roughly annual basis, Brian gets really into Randy Newman. Now is the time.",Yes!,Yes!
2024-11-18,Standup,competitive art used to be an olympic sport,Yes!,Yes!
2024-11-20,Standup,"The designation of typhoon, monsoon, and hurricane depend on the latitude in which the storm forms. ",Not really :(,Yes!
2024-11-21,Standup,Howard Lutnik of Haverford College is likely to be appointed Secretary of Commerce in the Trump Administration,Yes!,Yes!
2024-11-22,Standup,"it snows lots in Ithaca, NY, but rarely in the very specific locale where Divia lives",Yes!,Yes!
2024-11-25,Standup,Brian went to a movie theater this weekend that had an original projector from the 1940s,Yes!,Yes!
2024-11-26,Standup,"Anything can be performance art, if you call it performance art",Yes!,Yes!
2024-12-02,Standup,"All urban pigeons are descendants of domesticated pigeons, so they have wonky genetics that lead to funny characteristics like furry feet",Yes!,Yes!
2024-12-03,Standup,Giving Tuesday was founded in 2012 by the 92nd Street Y in NYC,Yes!,Yes!
2024-12-13,Standup,Bluetooth is named after a man who united Denmark and Norway who had a dead tooth that was discolored. He inspired the name because Bluetooth unites technologies the way the man united nations,Yes!,Yes!
2024-12-16,Standup,the dyes they use to dye black plastic utensils are toxic and leech into your food,Not really :(,Yes!
2024-12-17,Standup,carly is obsessed with the drones over new jersey,Yes!,Yes!
2025-01-06,Standup,David now owns ice skates and ice skated outside for the first time yesterday.,Yes!,Yes!
2025-01-07,Standup,"Katie's dog has happy tail syndrome, which occurs when a dog injures their tail from wagging too aggressively",Yes!,Yes!
2025-01-08,Standup,"When Brian was in middle school, he used to watch the show Numbers",Yes!,Yes!
2025-01-09,Standup,"Lou Reed's third studio album ""Berlin"" is an expansion of the characters and universe created in a song from his first album",Yes!,Yes!
2025-01-13,Standup,"In Minneapolis, they use mussels to detect poor water quality - mussels open in clean water and close in polluted water",Yes!,Yes!
2025-01-14,Standup,"Before it was known as Silicon Valley, that area was called the Valley of Heart's Delight because it has fertile soil that grows great crops",Yes!,Yes!
2025-01-16,Standup,"words that are made up of close repeats (e.g., tic tac toe, flip flop, tick tock) follow a pattern. The order of vowels is the words is alway I --> A --> O. Spoken another way, it sounds dissonant (e.g., flop flip, tac tic)",Yes!,Yes!
2025-01-22,Standup,"on LBG model trains, the caboose is a valuable component",Yes!,Yes!
2025-01-23,Standup,50% of women in C-Suite positions in the US played collegiate sports,Yes!,Yes!
2025-01-27,Standup,Adelle experienced a 3.9 magnitude earthquake this morning during the web development checkin,Yes!,Yes!
2025-01-29,Standup,Nerve flossing is a collection of stretching exercises designed to relieve nerve tension and numbness,Yes!,Yes!
2025-01-30,Standup,the two populations most affected by Maine voter id laws are eldery people who live far from polling locations and students who can't vote with a student ID,Yes!,Yes!
2025-02-03,Standup,"The term ""I'm feeling blue"" comes from sailing - ships used to raise a blue flag after the captain died",Yes!,Yes!
2025-02-04,Standup,"Brian had soup at a friend's house, and they used hand-picked bay leaf in the soup. California bay leaf is different from culinary bay leaf. California bay leaf is closely related to pepper.",Yes!,Yes!
2025-02-05,Standup,Brian has a strobe tuner which is a very accurate way to tune an instrument. Humans' perception of tune is distorted by various factors. This device accounts for these factors and makes tuning instruments (especially complicated ones like the pedal steel) much quicker.,Yes!,Yes!
2025-02-06,Standup,"Brian, Jeff, and David are excited for Mo Season 2. Divia hasn't seen the show yet. ",Not really :(,Not really :/
2025-02-07,Standup,Houston's IAH Airport and Disneyworld have a unique shuttle that is really just a golf cart on rails,Yes!,Yes!
2025-02-10,Standup,Billboards that discourage bad driving behavior are shown to reduce bad driving behavior by 14%,Yes!,Yes!
2025-02-12,Standup,"In English, fairy tales often end with ""... and they lived happily ever after"". Other cultures use different phrases to end fairy tales. In Korea, they say ""and then the tiger smoked a cigarette"". Another common one is ""and the elephant blew the story away with his trunk""",Yes!,Yes!
2025-02-17,Standup,"Brian went hiking in a Redwood forest this weekend and came across an old lime factory. The equipment was all still there. To make lime, they dissolve limestone and put it in barrels.",Yes!,Yes!
2025-02-18,Standup,"Divia's friend is doing a worldwide rotation to learn about children's theater and met the Dumbledore of clowning, Philippe Gaulier. He is not nice.",Yes!,Yes!
2025-02-21,Standup,Everybody knows that covid was created in a lab.,Not really :(,Not really :/
2025-02-24,Standup,Carly and Daivd both went to galas this weekend.,Yes!,Yes!
2025-02-24,Standup,Katie's baby is the size of a strawberry,Yes!,Yes!
2025-02-25,Standup,Hip dysplasia almost always happens in the left hip. 1 in 1000 babies has hip dysplasia.,Yes!,Yes!
2025-02-26,Standup,"Freedom House is the first EMS service in the US. It was started in a historically black neighborhood in Pittsburgh. Previously, ambulance services only sought to get patients to the hospital as quickly as possible - The Freedom House was novel in that it provided life saving care en route to the hospital.",Yes!,Yes!
2025-02-27,Standup,"Wu Tang Clan only made one copy of their last album and it was purchased by Martin Shkrelli, who is in jail and never listened to it",Yes!,Yes!
2025-03-03,Standup,Brian went hiking in the Muir Woods this weekend. Post-WW2 there was a tribute to FDR in the Woods during a UN meeting where many world leaders gathered,Yes!,Yes!
2025-03-06,Standup,Divia's friend who is in puppet school is going to Mongolia to learn about traditional Mongolian puppets made from goat ankle bones.,Yes!,Yes!
2025-03-07,Standup,Jeff and Crystal almost got run over by Gov Josh Shapiro on the way to Giuseppe's Italian Ristorante,Yes!,Yes!
2025-03-10,Standup,"Ray Charles got fined by the Fulton County Court after refusing to play a segregated show. After that, Ray Charles refused to play in Georgia. Since, the Georgia government issued an apology and made ""Georgia on my Mind"" as the state song.",Yes!,Yes!
2025-03-11,Standup,"It's a beautiful day outside where we all live, and also half a loaf of Tartine Bread costs $11.45 at Erewhon, a grocery store whose name sounds like the name of the Turkish president",Yes!,Yes!
2025-03-12,Standup,The Central Coast of California has its own style of BBQ that centers the tritip - a tricky cut of meat that requires special care to elevate,Yes!,Yes!
